-- phpMyAdmin SQL Dump
-- version 5.2.0
-- https://www.phpmyadmin.net/
--
-- Host: localhost
-- Generation Time: Apr 27, 2024 at 04:32 PM
-- Server version: 10.4.27-MariaDB
-- PHP Version: 7.4.33

SET SQL_MODE = "NO_AUTO_VALUE_ON_ZERO";
START TRANSACTION;
SET time_zone = "+00:00";


/*!40101 SET @OLD_CHARACTER_SET_CLIENT=@@CHARACTER_SET_CLIENT */;
/*!40101 SET @OLD_CHARACTER_SET_RESULTS=@@CHARACTER_SET_RESULTS */;
/*!40101 SET @OLD_COLLATION_CONNECTION=@@COLLATION_CONNECTION */;
/*!40101 SET NAMES utf8mb4 */;

--
-- Database: `bank_mini`
--

-- --------------------------------------------------------

--
-- Table structure for table `auth`
--

CREATE TABLE `auth` (
  `id` int(20) NOT NULL,
  `username` varchar(254) NOT NULL,
  `password` varchar(254) NOT NULL,
  `level` varchar(254) NOT NULL,
  `created_by` timestamp NOT NULL DEFAULT current_timestamp()
) ENGINE=InnoDB DEFAULT CHARSET=utf8mb4 COLLATE=utf8mb4_general_ci;

--
-- Dumping data for table `auth`
--

INSERT INTO `auth` (`id`, `username`, `password`, `level`, `created_by`) VALUES
(1001, 'admin123', 'ca2b46b4960815fa27f334a13299b552', 'admin', '2024-04-19 10:21:36');

-- --------------------------------------------------------

--
-- Table structure for table `jurusan`
--

CREATE TABLE `jurusan` (
  `id_jurusan` int(11) NOT NULL,
  `kode` varchar(16) NOT NULL,
  `jurusan` varchar(254) NOT NULL
) ENGINE=InnoDB DEFAULT CHARSET=utf8mb4 COLLATE=utf8mb4_general_ci;

--
-- Dumping data for table `jurusan`
--

INSERT INTO `jurusan` (`id_jurusan`, `kode`, `jurusan`) VALUES
(101, 'AKL', 'AKUNTANSI KEUANGAN DAN LEMBAGA'),
(202, 'MPLB', 'MANAJEMEN PERKANTORAN DAN LAYANAN BISNIS'),
(303, 'PM', 'PEMASARAN'),
(404, 'TJKT', 'TEKNIK JARINGAN KOMPUTER DAN TELEKOMUNIKASI'),
(505, 'DKV', 'DESAIN KOMUNIKASI VISUAL');

-- --------------------------------------------------------

--
-- Table structure for table `kelas`
--

CREATE TABLE `kelas` (
  `id_kelas` int(20) NOT NULL,
  `kode` varchar(18) NOT NULL,
  `kelas` varchar(100) NOT NULL,
  `id_ta` int(11) NOT NULL,
  `slug_kelas` varchar(20) NOT NULL
) ENGINE=InnoDB DEFAULT CHARSET=utf8mb4 COLLATE=utf8mb4_general_ci;

--
-- Dumping data for table `kelas`
--

INSERT INTO `kelas` (`id_kelas`, `kode`, `kelas`, `id_ta`, `slug_kelas`) VALUES
(10012324, 'AKL', 'X AKL 1', 2324, 'xakl12324'),
(10022324, 'AKL', 'X AKL 2', 2324, 'xakl22324'),
(10032324, 'PM', 'X PM', 2324, 'xpm2324'),
(10042324, 'MPLB', 'X MPLB 1', 2324, 'xmplb12324'),
(10052324, 'MPLB', 'X MPLB 2', 2324, 'xmplb22324'),
(10062324, 'TJKT', 'X TJKT 1', 2324, 'xtjkt12324'),
(10072324, 'TJKT', 'X TJKT 2', 2324, 'xtjkt22324'),
(10082324, 'TJKT', 'X TJKT 3', 2324, 'xtjkt32324'),
(10092324, 'DKV', 'X DKV', 2324, 'xdkv2324'),
(10102324, 'AKL', 'XI AKL 1', 2324, 'xiakl12324'),
(10112324, 'AKL', 'XI AKL 2', 2324, 'xiakl22324'),
(10122324, 'PM', 'XI PM ', 2324, 'xipm2324'),
(10132324, 'MPLB', 'XI MPLB 1', 2324, 'ximplb12324'),
(10142324, 'MPLB', 'XI MPLB 2', 2324, 'ximplb22324'),
(10152324, 'TJKT', 'XI TJKT 1', 2324, 'xitjkt12324'),
(10162324, 'TJKT', 'XI TJKT 2', 2324, 'xitjkt22324'),
(10172324, 'TJKT', 'XI TJKT 3', 2324, 'xitjkt32324'),
(10182324, 'DKV', 'XI DKV', 2324, 'xidkv2324'),
(10192324, 'AKL', 'XII AKL 1', 2324, 'xiiakl12324'),
(10202324, 'AKL', 'XII AKL 2', 2324, 'xiiakl22324'),
(10212324, 'PM', 'XII PM', 2324, 'xiipm2324'),
(10222324, 'MPLB', 'XII MPLB 1', 2324, 'xiimplb12324'),
(10232324, 'MPLB', 'XII MPLB 2', 2324, 'xiimplb22324'),
(10242324, 'TJKT', 'XII TJKT 1', 2324, 'xiitjkt12324'),
(10252324, 'TJKT', 'XII TJKT 2', 2324, 'xiitjkt22324'),
(10262324, 'TJKT', 'XII TJKT 3', 2324, 'xiitjkt32324'),
(10272425, 'AKL', 'X AKL 1', 2425, 'xakl12425'),
(10282425, 'AKL', 'X AKL 2', 2425, 'xakl22425'),
(10292425, 'PM', 'X PM', 2425, 'xpm2425'),
(10302425, 'MPLB', 'X MPLB 1', 2425, 'xmplb12425'),
(10312425, 'MPLB', 'X MPLB 2', 2425, 'xmplb22425'),
(10322425, 'TJKT', 'X TJKT 1', 2425, 'xtjkt12425'),
(10332425, 'TJKT', 'X TJKT 2', 2425, 'xtjkt22425'),
(10342425, 'TJKT', 'X TJKT 3', 2425, 'xtjkt32425'),
(10352425, 'DKV', 'X DKV', 2425, 'xdkv2425'),
(10362425, 'AKL', 'XI AKL 1', 2425, 'xiakl12425'),
(10372425, 'AKL', 'XI AKL 2', 2425, 'xiakl22425'),
(10382425, 'PM', 'XI PM ', 2425, 'xipm2425'),
(10392425, 'MPLB', 'XI MPLB 1', 2425, 'ximplb12425'),
(10402425, 'MPLB', 'XI MPLB 2', 2425, 'ximplb22425'),
(10412425, 'TJKT', 'XI TJKT 1', 2425, 'xitjkt12425'),
(10422425, 'TJKT', 'XI TJKT 2', 2425, 'xitjkt22425'),
(10432425, 'TJKT', 'XI TJKT 3', 2425, 'xitjkt32425'),
(10442425, 'DKV', 'XI DKV', 2425, 'xidkv2425'),
(10452425, 'AKL', 'XII AKL 1', 2425, 'xiiakl12425'),
(10462425, 'AKL', 'XII AKL 2', 2425, 'xiiakl22425'),
(10472425, 'PM', 'XII PM', 2425, 'xiipm2425'),
(10482425, 'MPLB', 'XII MPLB 1', 2425, 'xiimplb12425'),
(10492425, 'MPLB', 'XII MPLB 2', 2425, 'xiimplb22425'),
(10502425, 'TJKT', 'XII TJKT 1', 2425, 'xiitjkt12425'),
(10512425, 'TJKT', 'XII TJKT 2', 2425, 'xiitjkt22425'),
(10522425, 'TJKT', 'XII TJKT 3', 2425, 'xiitjkt32425'),
(10532425, 'DKV', 'XII DKV', 2425, 'xiidkv2425');

-- --------------------------------------------------------

--
-- Table structure for table `siswa`
--

CREATE TABLE `siswa` (
  `id_siswa` int(11) NOT NULL,
  `nis` varchar(20) NOT NULL,
  `nama_siswa` varchar(254) NOT NULL,
  `id_kelas` varchar(20) NOT NULL,
  `kode` varchar(20) NOT NULL,
  `id_ta` int(11) NOT NULL
) ENGINE=InnoDB DEFAULT CHARSET=utf8mb4 COLLATE=utf8mb4_general_ci;

--
-- Dumping data for table `siswa`
--

INSERT INTO `siswa` (`id_siswa`, `nis`, `nama_siswa`, `id_kelas`, `kode`, `id_ta`) VALUES
(10012324, '238776', 'ABDUL RAHMAN AS SAMI', 'xakl12324', 'AKL', 2324),
(10022324, '238779', 'AFRILIANI', 'xakl12324', 'AKL', 2324),
(10032324, '238780', 'AHMAD DWI ILHAM', 'xakl12324', 'AKL', 2324),
(10042324, '238782', 'AHMAD RASYA PRAYOGA', 'xakl12324', 'AKL', 2324),
(10052324, '238783', 'AJI PRASETIYO', 'xakl12324', 'AKL', 2324),
(10062324, '238784', 'ALDO PRATAMA', 'xakl12324', 'AKL', 2324),
(10072324, '238785', 'ALIF RAMADHONA', 'xakl12324', 'AKL', 2324),
(10082324, '238786', 'AMELIA ANGGRAENI', 'xakl12324', 'AKL', 2324),
(10092324, '238789', 'AQILLA RAFA AMELIA', 'xakl12324', 'AKL', 2324),
(10102324, '238792', 'AULIA AZIZAH', 'xakl12324', 'AKL', 2324),
(10112324, '238793', 'BAYU AJI PRATAMA', 'xakl12324', 'AKL', 2324),
(10122324, '238794', 'CESYAR RAMADHAN', 'xakl12324', 'AKL', 2324),
(10132324, '238795', 'CHELSEA NAFISA', 'xakl12324', 'AKL', 2324),
(10142324, '238798', 'DAVINA NAZILLA ZALFA', 'xakl12324', 'AKL', 2324),
(10152324, '238801', 'DEALOVA YOCHIKA', 'xakl12324', 'AKL', 2324),
(10162324, '238803', 'DELA NUR AZIZAH', 'xakl12324', 'AKL', 2324),
(10172324, '238804', 'DELLA PUSPITA SARI', 'xakl12324', 'AKL', 2324),
(10182324, '238808', 'DIKA JULISTIAN', 'xakl12324', 'AKL', 2324),
(10192324, '238810', 'EKA NOVIA ALYZKA', 'xakl12324', 'AKL', 2324),
(10202324, '238811', 'ELISABETH', 'xakl12324', 'AKL', 2324),
(10212324, '238812', 'ELSAH RAMADHANI', 'xakl12324', 'AKL', 2324),
(10222324, '238814', 'FAIZAL AKHMAD FAKHREZI', 'xakl12324', 'AKL', 2324),
(10232324, '238816', 'GILANG SAPUTRA', 'xakl12324', 'AKL', 2324),
(10242324, '239052', 'HANDOKO DWI OKTAVIANA', 'xakl12324', 'AKL', 2324),
(10252324, '238820', 'JULIA RAHMAWATI', 'xakl12324', 'AKL', 2324),
(10262324, '238821', 'KAILA ZAHRA', 'xakl12324', 'AKL', 2324),
(10272324, '238823', 'KHESYA HARYANTI', 'xakl12324', 'AKL', 2324),
(10282324, '238825', 'MALA RAMADANI', 'xakl12324', 'AKL', 2324),
(10292324, '238827', 'MEGA APRILIA ANGGREINI', 'xakl12324', 'AKL', 2324),
(10302324, '238829', 'MELISA NADIA PUTRI', 'xakl12324', 'AKL', 2324),
(10312324, '238833', 'MUHAMMAD KHOLIK', 'xakl12324', 'AKL', 2324),
(10322324, '238834', 'MUHAMMAD NUR ILHAM', 'xakl12324', 'AKL', 2324),
(10332324, '238844', 'PUSPITA ANGGRAENI MARETA', 'xakl12324', 'AKL', 2324),
(10342324, '238846', 'RAISYAH IRAWAN', 'xakl12324', 'AKL', 2324),
(10352324, '238848', 'RISKA AMELIA', 'xakl12324', 'AKL', 2324),
(10362324, '238852', 'SAGITA TRI CAHYANI', 'xakl12324', 'AKL', 2324),
(10372324, '238854', 'SALSA ARIESTY PRATAMA', 'xakl12324', 'AKL', 2324),
(10382324, '238856', 'SITI HANIIFAH', 'xakl12324', 'AKL', 2324),
(10392324, '238859', 'VIOLLETTE GABRIELA CHRISANTA', 'xakl12324', 'AKL', 2324),
(10402324, '238860', 'WIDYA LUTHFI', 'xakl12324', 'AKL', 2324),
(10412324, '238861', 'WILLIAM ELGIE FEDROSA', 'xakl12324', 'AKL', 2324),
(10422324, '238863', 'YENNY', 'xakl12324', 'AKL', 2324),
(10432324, '238865', 'ZAHARA', 'xakl12324', 'AKL', 2324),
(10442324, '238866', 'ZAHRA AL RIZKY ARTA', 'xakl12324', 'AKL', 2324),
(10452324, '238777', 'ADITIYA FIRMANSYAH', 'xakl22324', 'AKL', 2324),
(10462324, '238778', 'AFIFAH PERWITA SARI', 'xakl22324', 'AKL', 2324),
(10472324, '238781', 'AHMAD MAULANA MARCEL', 'xakl22324', 'AKL', 2324),
(10482324, '238787', 'ANANG TRIYULIANTO', 'xakl22324', 'AKL', 2324),
(10492324, '238788', 'ANISAH FITRI', 'xakl22324', 'AKL', 2324),
(10502324, '238790', 'ARDI SAPUTRA', 'xakl22324', 'AKL', 2324),
(10512324, '238791', 'ARINI WULANDARI', 'xakl22324', 'AKL', 2324),
(10522324, '238797', 'DAMAR NOPRIANSAH', 'xakl22324', 'AKL', 2324),
(10532324, '238799', 'DEA SAFITRI', 'xakl22324', 'AKL', 2324),
(10542324, '238800', 'DEACY PUTRI AULIA', 'xakl22324', 'AKL', 2324),
(10552324, '238802', 'DEFAN AHMAD NURKHOLIS', 'xakl22324', 'AKL', 2324),
(10562324, '238805', 'DESLYANA SAFITRI', 'xakl22324', 'AKL', 2324),
(10572324, '238806', 'DEWI JULIANTI SAPITRI', 'xakl22324', 'AKL', 2324),
(10582324, '238807', 'DEWI SOFIA KUNUPUS', 'xakl22324', 'AKL', 2324),
(10592324, '238809', 'DWI SUSILAWATI', 'xakl22324', 'AKL', 2324),
(10602324, '238813', 'FAHRY ARDIANSYAH', 'xakl22324', 'AKL', 2324),
(10612324, '238815', 'GHEA PEBRIANA', 'xakl22324', 'AKL', 2324),
(10622324, '238817', 'HENNY KALINA', 'xakl22324', 'AKL', 2324),
(10632324, '238818', 'HILAL RAMDHANI', 'xakl22324', 'AKL', 2324),
(10642324, '238822', 'KEYSA PUTRI MELANDRI', 'xakl22324', 'AKL', 2324),
(10652324, '238824', 'M FERZIANSYAH SAPUTRA', 'xakl22324', 'AKL', 2324),
(10662324, '238826', 'MARSYA HALWA MARITZA', 'xakl22324', 'AKL', 2324),
(10672324, '238828', 'MELIFTIANI', 'xakl22324', 'AKL', 2324),
(10682324, '238830', 'MUHAMAD FAHREZY FAIRUS', 'xakl22324', 'AKL', 2324),
(10692324, '238831', 'MUHAMAD RIZAL YUSWANTO', 'xakl22324', 'AKL', 2324),
(10702324, '238832', 'MUHAMMAD FAHRIF', 'xakl22324', 'AKL', 2324),
(10712324, '238835', 'MUHAMMAD RIFALDIANSYAH', 'xakl22324', 'AKL', 2324),
(10722324, '238836', 'NABILA DWI LESTARI', 'xakl22324', 'AKL', 2324),
(10732324, '238837', 'NAYNA MULYANI', 'xakl22324', 'AKL', 2324),
(10742324, '238839', 'NAZWA ZAENABO', 'xakl22324', 'AKL', 2324),
(10752324, '238840', 'NIKEISHA ANINDYA FAUZI', 'xakl22324', 'AKL', 2324),
(10762324, '238841', 'PANDE MANGOLOI PANDIANGAN', 'xakl22324', 'AKL', 2324),
(10772324, '238842', 'PANDU ANANG WIDODO SAPUTRA', 'xakl22324', 'AKL', 2324),
(10782324, '238843', 'PANJI ARYA PRASETYA', 'xakl22324', 'AKL', 2324),
(10792324, '238845', 'RAISHA NURDIANA', 'xakl22324', 'AKL', 2324),
(10802324, '239054', 'RASYA ARDIANSYAH', 'xakl22324', 'AKL', 2324),
(10812324, '238847', 'RENDI ARDIANSYAH', 'xakl22324', 'AKL', 2324),
(10822324, '238849', 'RISMA NUR INDAH LESTARI', 'xakl22324', 'AKL', 2324),
(10832324, '238850', 'RIZKA CAHAYA RAMADHAN', 'xakl22324', 'AKL', 2324),
(10842324, '238851', 'RYAN DWI ARDIANSYAH', 'xakl22324', 'AKL', 2324),
(10852324, '238853', 'SALMA NUR AISYAH', 'xakl22324', 'AKL', 2324),
(10862324, '238855', 'SALZADILA AVRIL PUTRI', 'xakl22324', 'AKL', 2324),
(10872324, '238857', 'SITI NURAINI', 'xakl22324', 'AKL', 2324),
(10882324, '238858', 'TIARA KUSUMA NINGRUM', 'xakl22324', 'AKL', 2324),
(10892324, '238862', 'WULAN DWI RAMADANI', 'xakl22324', 'AKL', 2324),
(10902324, '238867', 'ZALSA MAYSHA ADELLA', 'xakl22324', 'AKL', 2324),
(10912324, '239007', 'ADAM MAULANA', 'xdkv2324', 'DKV', 2324),
(10922324, '239008', 'ADITYA KRISNA DJAJA', 'xdkv2324', 'DKV', 2324),
(10932324, '239009', 'ADITYA TANGGUH PRAMANA PUTRA', 'xdkv2324', 'DKV', 2324),
(10942324, '239010', 'ADRIAN SANJAYA', 'xdkv2324', 'DKV', 2324),
(10952324, '239011', 'ALIF APRILIYANSAH', 'xdkv2324', 'DKV', 2324),
(10962324, '239012', 'CARRYN FEBRIANTY', 'xdkv2324', 'DKV', 2324),
(10972324, '239013', 'CHRISTIAN JOSEPHINE', 'xdkv2324', 'DKV', 2324),
(10982324, '239014', 'DAENG DALLE', 'xdkv2324', 'DKV', 2324),
(10992324, '239015', 'DIRA PUTRI RAHMASARI', 'xdkv2324', 'DKV', 2324),
(11002324, '239016', 'DJENAR MAHESA PUTRI', 'xdkv2324', 'DKV', 2324),
(11012324, '239017', 'DWIKI JULIYANA', 'xdkv2324', 'DKV', 2324),
(11022324, '239018', 'EKKLESIA FIRDA LIANA', 'xdkv2324', 'DKV', 2324),
(11032324, '239019', 'ERIYANI RAHMA', 'xdkv2324', 'DKV', 2324),
(11042324, '209020', 'EVAN AGUSTIAZ EFENDI', 'xdkv2324', 'DKV', 2324),
(11052324, '239021', 'FAHRI AFRIANSYAH', 'xdkv2324', 'DKV', 2324),
(11062324, '239022', 'FAHRI SEPTIAWAN', 'xdkv2324', 'DKV', 2324),
(11072324, '239023', 'FARREL DWI IRWANTO', 'xdkv2324', 'DKV', 2324),
(11082324, '239025', 'FITRI WULANDARI', 'xdkv2324', 'DKV', 2324),
(11092324, '239024', 'FITRIA ROBBY ANI', 'xdkv2324', 'DKV', 2324),
(11102324, '238699', 'HELMY KURNIAWAN', 'xdkv2324', 'DKV', 2324),
(11112324, '239026', 'IQBAL HABIBALLAH', 'xdkv2324', 'DKV', 2324),
(11122324, '239027', 'KIKI CAHYONO', 'xdkv2324', 'DKV', 2324),
(11132324, '239029', 'MARCHO SIMON PETRUS BANU', 'xdkv2324', 'DKV', 2324),
(11142324, '239030', 'MAULIDHA NUR IZATIN', 'xdkv2324', 'DKV', 2324),
(11152324, '239031', 'MAULINDA DEWI', 'xdkv2324', 'DKV', 2324),
(11162324, '239033', 'MUHAMAD ALFIAN', 'xdkv2324', 'DKV', 2324),
(11172324, '239028', 'MUHAMAD ANGGA SURYA SAPUTRA', 'xdkv2324', 'DKV', 2324),
(11182324, '239034', 'MUHAMAD BIAN NURHIKMAH', 'xdkv2324', 'DKV', 2324),
(11192324, '239035', 'MUHAMAD RIDWAN', 'xdkv2324', 'DKV', 2324),
(11202324, '239036', 'MUHAMMAD ALFATH', 'xdkv2324', 'DKV', 2324),
(11212324, '239037', 'MUHAMMAD KHAIRI EL FUAD', 'xdkv2324', 'DKV', 2324),
(11222324, '239032', 'MUHAMMAD ROSYAD PURNOMO', 'xdkv2324', 'DKV', 2324),
(11232324, '239039', 'MUHAMMAD ZIDANE ALI CANTONA', 'xdkv2324', 'DKV', 2324),
(11242324, '239040', 'NAILA ENJELITA', 'xdkv2324', 'DKV', 2324),
(11252324, '239041', 'NATHANAEL MOSES SETIADY', 'xdkv2324', 'DKV', 2324),
(11262324, '239042', 'NURAINI', 'xdkv2324', 'DKV', 2324),
(11272324, '239043', 'RIDO SAPUTRO', 'xdkv2324', 'DKV', 2324),
(11282324, '239044', 'SHANDITYA ALVARO', 'xdkv2324', 'DKV', 2324),
(11292324, '239038', 'SISKA HANDAYANI', 'xdkv2324', 'DKV', 2324),
(11302324, '239045', 'SUCI CANTIKA RAMADANI', 'xdkv2324', 'DKV', 2324),
(11312324, '239046', 'SULLY', 'xdkv2324', 'DKV', 2324),
(11322324, '239047', 'TRI AWALUDIN', 'xdkv2324', 'DKV', 2324),
(11332324, '239048', 'UKASAH AL MUQRI ASSADUSI', 'xdkv2324', 'DKV', 2324),
(11342324, '239049', 'VIOLA SASIKIRANA', 'xdkv2324', 'DKV', 2324),
(11352324, '239050', 'ZAHRA APRILIA FAADHILAH', 'xdkv2324', 'DKV', 2324),
(11362324, '239051', 'ZAKIRAH THALITA ZAHRAH', 'xdkv2324', 'DKV', 2324),
(11372324, '238868', 'ADELLIA RISMA KIRANA', 'xmplb12324', 'MPLB', 2324),
(11382324, '238872', 'ALYA PUTRI NAZWA', 'xmplb12324', 'MPLB', 2324),
(11392324, '238878', 'ASTIA DESVITA', 'xmplb12324', 'MPLB', 2324),
(11402324, '238879', 'ASTRID OKTAVIA LESTARI', 'xmplb12324', 'MPLB', 2324),
(11412324, '238884', 'CINDY AYU AGUSTIENA', 'xmplb12324', 'MPLB', 2324),
(11422324, '238885', 'CINTA AURIA PUTRI MULYANA', 'xmplb12324', 'MPLB', 2324),
(11432324, '238886', 'DEFHINA FEBRIYAHYA', 'xmplb12324', 'MPLB', 2324),
(11442324, '238887', 'DELA SUSANTI', 'xmplb12324', 'MPLB', 2324),
(11452324, '238888', 'DINA ANGRAENI', 'xmplb12324', 'MPLB', 2324),
(11462324, '238890', 'DIVA SALSABILA', 'xmplb12324', 'MPLB', 2324),
(11472324, '238894', 'ENGGI AULIA AMANDA PUTRI', 'xmplb12324', 'MPLB', 2324),
(11482324, '238896', 'ERIN LARAS SATI', 'xmplb12324', 'MPLB', 2324),
(11492324, '238897', 'EVA PURNAMASARI', 'xmplb12324', 'MPLB', 2324),
(11502324, '238898', 'FAIRUZ MAULIDA FAIZ', 'xmplb12324', 'MPLB', 2324),
(11512324, '238899', 'FATDILAH ANGGI ROFITA', 'xmplb12324', 'MPLB', 2324),
(11522324, '238900', 'FEBBY AMRIYANI PUTRI', 'xmplb12324', 'MPLB', 2324),
(11532324, '238901', 'FIYANTIKA ERVI', 'xmplb12324', 'MPLB', 2324),
(11542324, '238903', 'GISELLA LUTFYA PRAMESTY', 'xmplb12324', 'MPLB', 2324),
(11552324, '238904', 'ICA AMELIA', 'xmplb12324', 'MPLB', 2324),
(11562324, '238905', 'IKA MEILANI PUTRI', 'xmplb12324', 'MPLB', 2324),
(11572324, '238910', 'INTAN CAHAYANI', 'xmplb12324', 'MPLB', 2324),
(11582324, '238911', 'KADEK DWI SEPTIANA', 'xmplb12324', 'MPLB', 2324),
(11592324, '238912', 'KAYLA AURELLIA LARISSA', 'xmplb12324', 'MPLB', 2324),
(11602324, '238913', 'KEISA SAFIRA', 'xmplb12324', 'MPLB', 2324),
(11612324, '238916', 'LAILA SYIFA', 'xmplb12324', 'MPLB', 2324),
(11622324, '238920', 'MARSHELLA ANDREANI SABU BADIN', 'xmplb12324', 'MPLB', 2324),
(11632324, '238924', 'MEYSA ARISMA NATALIA', 'xmplb12324', 'MPLB', 2324),
(11642324, '238925', 'MONICA RATNA ADELIA', 'xmplb12324', 'MPLB', 2324),
(11652324, '238926', 'MOZA LESTARI RAMADHANI', 'xmplb12324', 'MPLB', 2324),
(11662324, '238930', 'NADIA HIDAYAT', 'xmplb12324', 'MPLB', 2324),
(11672324, '238932', 'NAZWA AFIFAH', 'xmplb12324', 'MPLB', 2324),
(11682324, '238936', 'PUPUT AMEL LESTARI', 'xmplb12324', 'MPLB', 2324),
(11692324, '238938', 'PUTRI NADHIFAH RAMADHANI', 'xmplb12324', 'MPLB', 2324),
(11702324, '238939', 'PUTRI NAZWA LAMAHODA', 'xmplb12324', 'MPLB', 2324),
(11712324, '238940', 'PUTRI SALSABILLA', 'xmplb12324', 'MPLB', 2324),
(11722324, '238942', 'RAISYAH HANDAYANI', 'xmplb12324', 'MPLB', 2324),
(11732324, '238943', 'RANI ZUNIARDANA', 'xmplb12324', 'MPLB', 2324),
(11742324, '238944', 'RASYA SINTA DEWI', 'xmplb12324', 'MPLB', 2324),
(11752324, '238946', 'REGINA NURHAYATI', 'xmplb12324', 'MPLB', 2324),
(11762324, '238949', 'ROSDIANA', 'xmplb12324', 'MPLB', 2324),
(11772324, '238951', 'SITI ASSILLA FATIMAH', 'xmplb12324', 'MPLB', 2324),
(11782324, '238953', 'SRI MULYANINGRUM', 'xmplb12324', 'MPLB', 2324),
(11792324, '238954', 'SUCI SETYAWATI', 'xmplb12324', 'MPLB', 2324),
(11802324, '238956', 'TARA JESYIKA', 'xmplb12324', 'MPLB', 2324),
(11812324, '238959', 'WIWIN MUSTIKA SARI', 'xmplb12324', 'MPLB', 2324),
(11822324, '238869', 'ADESIA PUTRI', 'xmplb22324', 'MPLB', 2324),
(11832324, '238870', 'ADHITA NAZHIRA', 'xmplb22324', 'MPLB', 2324),
(11842324, '238871', 'AFRINA NAFLAH SABIYA', 'xmplb22324', 'MPLB', 2324),
(11852324, '238873', 'AMELLIA FEBRIYANI', 'xmplb22324', 'MPLB', 2324),
(11862324, '238874', 'ANDINI HERYANTI', 'xmplb22324', 'MPLB', 2324),
(11872324, '238875', 'ANDINI SABELLA', 'xmplb22324', 'MPLB', 2324),
(11882324, '238876', 'ANNISA RAMADANI', 'xmplb22324', 'MPLB', 2324),
(11892324, '238877', 'ASSYIFA SALSA BILA', 'xmplb22324', 'MPLB', 2324),
(11902324, '238881', 'BELLA FEBRIYANA', 'xmplb22324', 'MPLB', 2324),
(11912324, '238882', 'CANTIKA DUWI PRATIWI', 'xmplb22324', 'MPLB', 2324),
(11922324, '238883', 'CICILIYA MELANI PUTRI WINATI', 'xmplb22324', 'MPLB', 2324),
(11932324, '238889', 'DIVA DESTIANA', 'xmplb22324', 'MPLB', 2324),
(11942324, '238891', 'EKA NORMA RAMADHANI', 'xmplb22324', 'MPLB', 2324),
(11952324, '238892', 'EKI TARSINI', 'xmplb22324', 'MPLB', 2324),
(11962324, '238893', 'ELSYA AULIYA', 'xmplb22324', 'MPLB', 2324),
(11972324, '238895', 'ERIKA LULU GHATHFAAN', 'xmplb22324', 'MPLB', 2324),
(11982324, '238902', 'FUTRIA KHALISA', 'xmplb22324', 'MPLB', 2324),
(11992324, '238906', 'INDAH NURZULIA', 'xmplb22324', 'MPLB', 2324),
(12002324, '238907', 'INDAH RAHMAWATI', 'xmplb22324', 'MPLB', 2324),
(12012324, '238908', 'INDAH TRI HAPSARI', 'xmplb22324', 'MPLB', 2324),
(12022324, '238909', 'INNEZ PUTRIA ABIDIN', 'xmplb22324', 'MPLB', 2324),
(12032324, '238914', 'KEISYA RAMADHANI', 'xmplb22324', 'MPLB', 2324),
(12042324, '238915', 'KEYLA FEBRIA', 'xmplb22324', 'MPLB', 2324),
(12052324, '238917', 'LUTFIYAH MAHIROH', 'xmplb22324', 'MPLB', 2324),
(12062324, '238918', 'LUTHFIYYATUN INKA PERMATASARI', 'xmplb22324', 'MPLB', 2324),
(12072324, '238919', 'MARINAH', 'xmplb22324', 'MPLB', 2324),
(12082324, '238921', 'MARTHASYA CANTIKA DEWI', 'xmplb22324', 'MPLB', 2324),
(12092324, '238923', 'MESYA', 'xmplb22324', 'MPLB', 2324),
(12102324, '238927', 'MUTHIA ZAHRAH', 'xmplb22324', 'MPLB', 2324),
(12112324, '238928', 'NABILA PUTRI RAMADHANI', 'xmplb22324', 'MPLB', 2324),
(12122324, '238929', 'NADEA ELMA PAKASI', 'xmplb22324', 'MPLB', 2324),
(12132324, '238931', 'NATASYA PUTRI CAHYANA', 'xmplb22324', 'MPLB', 2324),
(12142324, '238933', 'NELLA AGUSTINA', 'xmplb22324', 'MPLB', 2324),
(12152324, '238934', 'NOVA LILI HANDRAYANI', 'xmplb22324', 'MPLB', 2324),
(12162324, '238935', 'NOVA LINA ANJANI', 'xmplb22324', 'MPLB', 2324),
(12172324, '238937', 'PUTRI APRILIA ZAHRA', 'xmplb22324', 'MPLB', 2324),
(12182324, '238941', 'RACHMA ANNISA', 'xmplb22324', 'MPLB', 2324),
(12192324, '238945', 'RASYAH RACHMA SETIAWAN', 'xmplb22324', 'MPLB', 2324),
(12202324, '238947', 'REINATA PRIHATINI', 'xmplb22324', 'MPLB', 2324),
(12212324, '238948', 'RISNA HASANAH', 'xmplb22324', 'MPLB', 2324),
(12222324, '238950', 'SILVI MELANI PUTRI', 'xmplb22324', 'MPLB', 2324),
(12232324, '238952', 'SITI FATIMAH JULIANA', 'xmplb22324', 'MPLB', 2324),
(12242324, '238955', 'SULIS KASIH RAMADHANI', 'xmplb22324', 'MPLB', 2324),
(12252324, '238957', 'TARISA NURASIAH', 'xmplb22324', 'MPLB', 2324),
(12262324, '238958', 'THYNTA ASMARANI PUTRI', 'xmplb22324', 'MPLB', 2324),
(12272324, '238960', 'AJENG KARTIKA CHANDRALIS PUTRI', 'xpm2324', 'PM', 2324),
(12282324, '238961', 'AL RASYA TRI SAHLAN', 'xpm2324', 'PM', 2324),
(12292324, '238962', 'ANDIKA', 'xpm2324', 'PM', 2324),
(12302324, '238963', 'ANDRYANTO FEBRIANSYAH', 'xpm2324', 'PM', 2324),
(12312324, '238964', 'ARIF FIRMANSYAH', 'xpm2324', 'PM', 2324),
(12322324, '238965', 'AVRILIA ZAHRA', 'xpm2324', 'PM', 2324),
(12332324, '238966', 'DEWITA MAHARANI', 'xpm2324', 'PM', 2324),
(12342324, '238967', 'DINA LUDFIANA', 'xpm2324', 'PM', 2324),
(12352324, '238968', 'DONI SAPUTRA', 'xpm2324', 'PM', 2324),
(12362324, '238969', 'EGA ANANDA RENOTA', 'xpm2324', 'PM', 2324),
(12372324, '238970', 'FAHRI ANDRIAWAN BAHTIAR', 'xpm2324', 'PM', 2324),
(12382324, '238971', 'FAREL PANCA SENA', 'xpm2324', 'PM', 2324),
(12392324, '238972', 'FRIDA RISTA MARTASA', 'xpm2324', 'PM', 2324),
(12402324, '238973', 'GUNTUR RYANDI', 'xpm2324', 'PM', 2324),
(12412324, '238974', 'HERDI ALFIYANSAH', 'xpm2324', 'PM', 2324),
(12422324, '238975', 'KEVIN ROMAN SAPUTRA', 'xpm2324', 'PM', 2324),
(12432324, '238976', 'KEYLA KEYSA UTAMI', 'xpm2324', 'PM', 2324),
(12442324, '238977', 'KHARIZKA YULI AMELIA', 'xpm2324', 'PM', 2324),
(12452324, '238978', 'LIDIA SULISTIAWATI', 'xpm2324', 'PM', 2324),
(12462324, '238979', 'MUHAMAD ILHAM NURSYAHBANI', 'xpm2324', 'PM', 2324),
(12472324, '238980', 'MUHAMAD RIDWAN', 'xpm2324', 'PM', 2324),
(12482324, '238981', 'MUHAMMAD FAUZAN PRATAMA', 'xpm2324', 'PM', 2324),
(12492324, '238982', 'NATASYA NATALIA', 'xpm2324', 'PM', 2324),
(12502324, '238983', 'NIA DAMAYANTI', 'xpm2324', 'PM', 2324),
(12512324, '238984', 'NUR AINI', 'xpm2324', 'PM', 2324),
(12522324, '238985', 'NUR ALAMSYAH', 'xpm2324', 'PM', 2324),
(12532324, '238987', 'PANDU ARYA PRATAMA', 'xpm2324', 'PM', 2324),
(12542324, '238988', 'PUTRA EKA PRASETYO', 'xpm2324', 'PM', 2324),
(12552324, '238989', 'PUTRI NUR ANJANI', 'xpm2324', 'PM', 2324),
(12562324, '238990', 'REFANDI FERDIANSAH', 'xpm2324', 'PM', 2324),
(12572324, '238991', 'REHAN INDRA PRATAMA', 'xpm2324', 'PM', 2324),
(12582324, '238992', 'REVANI DWI RAHAYU', 'xpm2324', 'PM', 2324),
(12592324, '238993', 'REYHAN ERLANGGA', 'xpm2324', 'PM', 2324),
(12602324, '238994', 'REZA SATRIA KUSUMA', 'xpm2324', 'PM', 2324),
(12612324, '238995', 'RIZKY PUTRA KURNIA', 'xpm2324', 'PM', 2324),
(12622324, '238996', 'ROSA APRILIANI', 'xpm2324', 'PM', 2324),
(12632324, '238997', 'SELLY SESILIA AL FIANTI', 'xpm2324', 'PM', 2324),
(12642324, '238998', 'SEPTI RAHMADINI', 'xpm2324', 'PM', 2324),
(12652324, '238986', 'SERLI AULIA', 'xpm2324', 'PM', 2324),
(12662324, '239000', 'SHERLY CHAIRRUNNISA SETIAWAN', 'xpm2324', 'PM', 2324),
(12672324, '239001', 'SYAFA ARUNA', 'xpm2324', 'PM', 2324),
(12682324, '239002', 'TRI RAMADANI', 'xpm2324', 'PM', 2324),
(12692324, '239003', 'WAHYU SAPUTRA', 'xpm2324', 'PM', 2324),
(12702324, '239004', 'WINDA FAIDAH', 'xpm2324', 'PM', 2324),
(12712324, '239005', 'WULAN RIYONO', 'xpm2324', 'PM', 2324),
(12722324, '238639', 'ABDUL MUHAMAD HAIR', 'xtjkt12324', 'TJKT', 2324),
(12732324, '238640', 'ACHMAD RIDWAN', 'xtjkt12324', 'TJKT', 2324),
(12742324, '238655', 'ALTAN NARENDRA FIRMANSYAH', 'xtjkt12324', 'TJKT', 2324),
(12752324, '238656', 'ANDHIKA HERDIANA', 'xtjkt12324', 'TJKT', 2324),
(12762324, '238658', 'ANDINI AULIA PUTRI', 'xtjkt12324', 'TJKT', 2324),
(12772324, '238659', 'ANDREAN RAZYA ANNAVI', 'xtjkt12324', 'TJKT', 2324),
(12782324, '238645', 'ANDRIAN WIJAYA', 'xtjkt12324', 'TJKT', 2324),
(12792324, '238668', 'CINTA JULYA LARASATI', 'xtjkt12324', 'TJKT', 2324),
(12802324, '238670', 'DAYAN PATTIH KHALAM', 'xtjkt12324', 'TJKT', 2324),
(12812324, '238671', 'DECO ADI PRIYANDA', 'xtjkt12324', 'TJKT', 2324),
(12822324, '238673', 'DICKI SAI HIKARU', 'xtjkt12324', 'TJKT', 2324),
(12832324, '238681', 'FAJAR ARIASIH', 'xtjkt12324', 'TJKT', 2324),
(12842324, '238682', 'FAJAR FATUR ROKHIM', 'xtjkt12324', 'TJKT', 2324),
(12852324, '238685', 'FAKHRI SYAPUTRO', 'xtjkt12324', 'TJKT', 2324),
(12862324, '238686', 'FARDAN IHZA RAMADHAN', 'xtjkt12324', 'TJKT', 2324),
(12872324, '238691', 'FEBRIAN RACHMANSYAH', 'xtjkt12324', 'TJKT', 2324),
(12882324, '238692', 'FERNANDO KUNARDI', 'xtjkt12324', 'TJKT', 2324),
(12892324, '238694', 'GADING ALFARIZY', 'xtjkt12324', 'TJKT', 2324),
(12902324, '238697', 'HAIKEL PRATAMA', 'xtjkt12324', 'TJKT', 2324),
(12912324, '238700', 'IKCSAN RAMADHAN', 'xtjkt12324', 'TJKT', 2324),
(12922324, '238707', 'MALIK AHMAD GUSTAVO', 'xtjkt12324', 'TJKT', 2324),
(12932324, '238708', 'MARIO JENS TRIYULENS MANU', 'xtjkt12324', 'TJKT', 2324),
(12942324, '238711', 'MUHAMAD ABIDZAR', 'xtjkt12324', 'TJKT', 2324),
(12952324, '238712', 'MUHAMAD AKSAL ZILMANSAH', 'xtjkt12324', 'TJKT', 2324),
(12962324, '238715', 'MUHAMAD FAZRUL MAULIDI', 'xtjkt12324', 'TJKT', 2324),
(12972324, '238717', 'MUHAMAD NUR HIDAUYATTULOH', 'xtjkt12324', 'TJKT', 2324),
(12982324, '238720', 'MUHAMMAD ABDUL RASYID', 'xtjkt12324', 'TJKT', 2324),
(12992324, '238723', 'MUHAMMAD AIRIL SYAVA', 'xtjkt12324', 'TJKT', 2324),
(13002324, '238725', 'MUHAMMAD FAIRUZ ADNAN', 'xtjkt12324', 'TJKT', 2324),
(13012324, '238730', 'MUHAMMAD KHAFI RAMADANI', 'xtjkt12324', 'TJKT', 2324),
(13022324, '238735', 'PUTRA NUR BIQI', 'xtjkt12324', 'TJKT', 2324),
(13032324, '238736', 'RAFA RADITYA', 'xtjkt12324', 'TJKT', 2324),
(13042324, '238737', 'RAFLI ARDY', 'xtjkt12324', 'TJKT', 2324),
(13052324, '238740', 'RAMDHANI', 'xtjkt12324', 'TJKT', 2324),
(13062324, '239053', 'RASYA RADITYA PRASETYO', 'xtjkt12324', 'TJKT', 2324),
(13072324, '238745', 'REYKHAN APRIYANTO', 'xtjkt12324', 'TJKT', 2324),
(13082324, '238747', 'RIAN CATUR PRASETIO', 'xtjkt12324', 'TJKT', 2324),
(13092324, '238749', 'RICKO NOVA ARIANTO', 'xtjkt12324', 'TJKT', 2324),
(13102324, '238750', 'RIDHO BINTANG SAPUTRA', 'xtjkt12324', 'TJKT', 2324),
(13112324, '238754', 'RISZKI YUDA PRAKOSO', 'xtjkt12324', 'TJKT', 2324),
(13122324, '238758', 'RIZKY HERDIAN', 'xtjkt12324', 'TJKT', 2324),
(13132324, '238761', 'RYAN WIBOWO', 'xtjkt12324', 'TJKT', 2324),
(13142324, '238765', 'SURYA  TJANDRA WIJAYA', 'xtjkt12324', 'TJKT', 2324),
(13152324, '238768', 'UMAR ABDULLAH', 'xtjkt12324', 'TJKT', 2324),
(13162324, '238774', 'YULITA DIYATAMA', 'xtjkt12324', 'TJKT', 2324),
(13172324, '238775', 'ZAKARIA NUR AKBAR', 'xtjkt12324', 'TJKT', 2324),
(13182324, '238643', 'ADITYA PRATAMA', 'xtjkt22324', 'TJKT', 2324),
(13192324, '238646', 'AFIF AMMAR', 'xtjkt22324', 'TJKT', 2324),
(13202324, '238648', 'AHMAD AFRIYANSYAH', 'xtjkt22324', 'TJKT', 2324),
(13212324, '238652', 'AHMAD RIZKI KURNIAWAN', 'xtjkt22324', 'TJKT', 2324),
(13222324, '238657', 'ANDHIKA SAPUTRA', 'xtjkt22324', 'TJKT', 2324),
(13232324, '238661', 'ARDIANSYAH', 'xtjkt22324', 'TJKT', 2324),
(13242324, '238663', 'ARI FEBIANSYAH', 'xtjkt22324', 'TJKT', 2324),
(13252324, '238664', 'ARIANSYAH JANUWAR', 'xtjkt22324', 'TJKT', 2324),
(13262324, '238665', 'BAGAS ARIANTO', 'xtjkt22324', 'TJKT', 2324),
(13272324, '238666', 'BHAKTI ARI SETYAWAN', 'xtjkt22324', 'TJKT', 2324),
(13282324, '238667', 'CAESAR KUBILAI KHAN', 'xtjkt22324', 'TJKT', 2324),
(13292324, '238669', 'DANI RAMADHAN', 'xtjkt22324', 'TJKT', 2324),
(13302324, '238672', 'DEMAZ YOKA', 'xtjkt22324', 'TJKT', 2324),
(13312324, '238674', 'DICKY ADITYA AKBAR', 'xtjkt22324', 'TJKT', 2324),
(13322324, '238676', 'DIMAS SETYAWAN', 'xtjkt22324', 'TJKT', 2324),
(13332324, '238677', 'DIRGA PUTRA FIRMANSYAH', 'xtjkt22324', 'TJKT', 2324),
(13342324, '238679', 'ERWIN MAULANA', 'xtjkt22324', 'TJKT', 2324),
(13352324, '238687', 'FARIH KESIT', 'xtjkt22324', 'TJKT', 2324),
(13362324, '238688', 'FATHIR ARISWIDYANATA', 'xtjkt22324', 'TJKT', 2324),
(13372324, '238689', 'FAUZAN', 'xtjkt22324', 'TJKT', 2324),
(13382324, '238690', 'FEBRI HARIYANTO', 'xtjkt22324', 'TJKT', 2324),
(13392324, '238693', 'FYKI PRATAMA', 'xtjkt22324', 'TJKT', 2324),
(13402324, '238695', 'GANI ADHARKA PUTRAWARDANA', 'xtjkt22324', 'TJKT', 2324),
(13412324, '238701', 'ILHAM', 'xtjkt22324', 'TJKT', 2324),
(13422324, '238704', 'LUTHFI DWI NOVANTO', 'xtjkt22324', 'TJKT', 2324),
(13432324, '238710', 'MUHAMAD ABDUL ROSSI', 'xtjkt22324', 'TJKT', 2324),
(13442324, '238713', 'MUHAMAD ALI FAUZAN', 'xtjkt22324', 'TJKT', 2324),
(13452324, '238714', 'MUHAMAD AR RIDHO', 'xtjkt22324', 'TJKT', 2324),
(13462324, '238721', 'MUHAMMAD ABHIZART FAHLEVI', 'xtjkt22324', 'TJKT', 2324),
(13472324, '238722', 'MUHAMMAD ADLY FEBRIAN', 'xtjkt22324', 'TJKT', 2324),
(13482324, '238705', 'MUHAMMAD AMRIL MUZAKI', 'xtjkt22324', 'TJKT', 2324),
(13492324, '238727', 'MUHAMMAD FASHYA ARIFIN', 'xtjkt22324', 'TJKT', 2324),
(13502324, '238728', 'MUHAMMAD FATHAH NUGROHO', 'xtjkt22324', 'TJKT', 2324),
(13512324, '238729', 'MUHAMMAD FURQON MUQORROBIN', 'xtjkt22324', 'TJKT', 2324),
(13522324, '238739', 'RAIHAN PUTRA ABDILLAH', 'xtjkt22324', 'TJKT', 2324),
(13532324, '238748', 'RIAN KUSUMADIKA', 'xtjkt22324', 'TJKT', 2324),
(13542324, '238751', 'RIDHO SURYA ATMAJA', 'xtjkt22324', 'TJKT', 2324),
(13552324, '238752', 'RIFA AGAM', 'xtjkt22324', 'TJKT', 2324),
(13562324, '238753', 'RIFQI DWI ANDIKA', 'xtjkt22324', 'TJKT', 2324),
(13572324, '238756', 'RIZKI NOVA PRATAMA', 'xtjkt22324', 'TJKT', 2324),
(13582324, '238760', 'RUDE MARCHALINO', 'xtjkt22324', 'TJKT', 2324),
(13592324, '238763', 'SULTAN ABDU AL FAATHIR', 'xtjkt22324', 'TJKT', 2324),
(13602324, '238767', 'TEZAR ADITYA', 'xtjkt22324', 'TJKT', 2324),
(13612324, '238770', 'WAHYU LAKSANA PUTRA', 'xtjkt22324', 'TJKT', 2324),
(13622324, '238771', 'YAYAN ARDIYANSAH', 'xtjkt22324', 'TJKT', 2324),
(13632324, '238773', 'YULIANTO PRASETIO', 'xtjkt22324', 'TJKT', 2324),
(13642324, '238638', 'ABDUL LATIP', 'xtjkt32324', 'TJKT', 2324),
(13652324, '239006', 'ADAM KHAIRY YASHA', 'xtjkt32324', 'TJKT', 2324),
(13662324, '238641', 'ADITIYA HERIYANTO', 'xtjkt32324', 'TJKT', 2324),
(13672324, '238642', 'ADITYA AWAL TAZUDIN', 'xtjkt32324', 'TJKT', 2324),
(13682324, '238644', 'ADITYA PUTRA PANGESTU', 'xtjkt32324', 'TJKT', 2324),
(13692324, '238647', 'AFSOLIEAN KARIF', 'xtjkt32324', 'TJKT', 2324),
(13702324, '238649', 'AHMAD FADILLAH SYA\'BAN', 'xtjkt32324', 'TJKT', 2324),
(13712324, '238650', 'AHMAD KHAIRUL MUSTOFA', 'xtjkt32324', 'TJKT', 2324),
(13722324, '238651', 'AHMAD RIFAI', 'xtjkt32324', 'TJKT', 2324),
(13732324, '238653', 'ALI PATRIYO', 'xtjkt32324', 'TJKT', 2324),
(13742324, '238654', 'ALNO ANSYAHARIN', 'xtjkt32324', 'TJKT', 2324),
(13752324, '238660', 'ANGGA PUTRA', 'xtjkt32324', 'TJKT', 2324),
(13762324, '238662', 'ARDITYA BAGAS PRATAMA', 'xtjkt32324', 'TJKT', 2324),
(13772324, '238675', 'DIKY RIYADI', 'xtjkt32324', 'TJKT', 2324),
(13782324, '238680', 'FAHIM MUHAMMAD AL DAFFA', 'xtjkt32324', 'TJKT', 2324),
(13792324, '238683', 'FAJAR PURNAMA', 'xtjkt32324', 'TJKT', 2324),
(13802324, '238684', 'FAJRI DWI SAPUTRA', 'xtjkt32324', 'TJKT', 2324),
(13812324, '238696', 'GIRI MAS PERKASA', 'xtjkt32324', 'TJKT', 2324),
(13822324, '238698', 'HAYKAL NUR RIZKI', 'xtjkt32324', 'TJKT', 2324),
(13832324, '238702', 'KATON FAJAR IRAWAN', 'xtjkt32324', 'TJKT', 2324),
(13842324, '238703', 'KHARIS ALMEIDA ROHMAN', 'xtjkt32324', 'TJKT', 2324),
(13852324, '238709', 'MOHAMMAD ZIKRA ARFARIDZI', 'xtjkt32324', 'TJKT', 2324),
(13862324, '238716', 'MUHAMAD LUTFI GHIFFARIE', 'xtjkt32324', 'TJKT', 2324),
(13872324, '238718', 'MUHAMAD REFFA', 'xtjkt32324', 'TJKT', 2324),
(13882324, '238719', 'MUHAMAD RIO FRAMUDYA HERMAWAN', 'xtjkt32324', 'TJKT', 2324),
(13892324, '238724', 'MUHAMMAD ARLIAN SYAPUTRA', 'xtjkt32324', 'TJKT', 2324),
(13902324, '238726', 'MUHAMMAD FARHAN RAMADHAN', 'xtjkt32324', 'TJKT', 2324),
(13912324, '238731', 'MUHAMMAD NADHIF RIZALDY', 'xtjkt32324', 'TJKT', 2324),
(13922324, '238732', 'MUHAMMAD SYARIF AL FATHIER', 'xtjkt32324', 'TJKT', 2324),
(13932324, '238733', 'MUHAMMAD WILDAN ALFURQON', 'xtjkt32324', 'TJKT', 2324),
(13942324, '238706', 'MUHAMMAD WILDAN DWI CHANDRA', 'xtjkt32324', 'TJKT', 2324),
(13952324, '238734', 'PERI SUBAKTI', 'xtjkt32324', 'TJKT', 2324),
(13962324, '238738', 'RAHMADHAN RIZAL THAULANI', 'xtjkt32324', 'TJKT', 2324),
(13972324, '238741', 'RAYHAN ARIFIN HIDAYAT', 'xtjkt32324', 'TJKT', 2324),
(13982324, '238742', 'RAYHAN JULIAN', 'xtjkt32324', 'TJKT', 2324),
(13992324, '238743', 'RAYHAN NURIL MUSTAQIM', 'xtjkt32324', 'TJKT', 2324),
(14002324, '238744', 'RAZKA KHAIRUL AMARULLAH', 'xtjkt32324', 'TJKT', 2324),
(14012324, '238746', 'REZA EGI SAPUTRA', 'xtjkt32324', 'TJKT', 2324),
(14022324, '238755', 'RIZKI MUHAMAD RAFI', 'xtjkt32324', 'TJKT', 2324),
(14032324, '238757', 'RIZKY ADI NUGROHO', 'xtjkt32324', 'TJKT', 2324),
(14042324, '238759', 'RIZKY MUHAMMAD KURNIAWAN', 'xtjkt32324', 'TJKT', 2324),
(14052324, '238762', 'SATRIA ERLANGGA', 'xtjkt32324', 'TJKT', 2324),
(14062324, '238764', 'SULTAN NUR ANDRIANSYAH', 'xtjkt32324', 'TJKT', 2324),
(14072324, '238766', 'SYAHWAL HARIS LUKMANOV', 'xtjkt32324', 'TJKT', 2324),
(14082324, '238769', 'VICKIH HARIANTO', 'xtjkt32324', 'TJKT', 2324),
(14092324, '238772', 'YUSRON AL FAWAZ', 'xtjkt32324', 'TJKT', 2324),
(14102324, '228375', 'AMILLIA RUSDYANTO', 'xiakl12324', 'AKL', 2324),
(14112324, '228380', 'AWALLUDIN RAHMAN', 'xiakl12324', 'AKL', 2324),
(14122324, '228381', 'AYU EKA LESTARI', 'xiakl12324', 'AKL', 2324),
(14132324, '228384', 'CANAYYA AZKA NOVERA', 'xiakl12324', 'AKL', 2324),
(14142324, '228386', 'DAHLYA', 'xiakl12324', 'AKL', 2324),
(14152324, '228387', 'DANIEL FERDINAN', 'xiakl12324', 'AKL', 2324),
(14162324, '228388', 'DESTA NUR SETIAWAN PRATAMA', 'xiakl12324', 'AKL', 2324),
(14172324, '228389', 'DESVIANTI ANANDA', 'xiakl12324', 'AKL', 2324),
(14182324, '228392', 'DZULFIKAR', 'xiakl12324', 'AKL', 2324),
(14192324, '228393', 'EFATHA APRELIA ZAI', 'xiakl12324', 'AKL', 2324),
(14202324, '228395', 'ERRICA MERLIAN HIDAYAT', 'xiakl12324', 'AKL', 2324),
(14212324, '228397', 'FAHTAN ABIMANYU PRASETIA', 'xiakl12324', 'AKL', 2324),
(14222324, '228402', 'INAYAH SALSABILAH', 'xiakl12324', 'AKL', 2324),
(14232324, '228403', 'IQBAL NUL IKHWAN', 'xiakl12324', 'AKL', 2324),
(14242324, '228406', 'JULIAN ALFIUS', 'xiakl12324', 'AKL', 2324),
(14252324, '228407', 'JULIUS CHRISTIAN HUTABARAT', 'xiakl12324', 'AKL', 2324),
(14262324, '228410', 'KINANTI AULIA', 'xiakl12324', 'AKL', 2324),
(14272324, '228411', 'LEHA', 'xiakl12324', 'AKL', 2324),
(14282324, '228412', 'MARDIANA', 'xiakl12324', 'AKL', 2324),
(14292324, '228413', 'MEDITA LESTARI SUKMA', 'xiakl12324', 'AKL', 2324),
(14302324, '228415', 'MELI MERLIYANTI', 'xiakl12324', 'AKL', 2324),
(14312324, '228417', 'MONICA SARI DEVI', 'xiakl12324', 'AKL', 2324),
(14322324, '228420', 'NABIL RAMDANI', 'xiakl12324', 'AKL', 2324),
(14332324, '228422', 'NABILA PUTRI WINANTO', 'xiakl12324', 'AKL', 2324),
(14342324, '228423', 'NAJLA KEYRA TANTRI', 'xiakl12324', 'AKL', 2324),
(14352324, '228424', 'NANDA ARYA PUTRA', 'xiakl12324', 'AKL', 2324),
(14362324, '228425', 'NAURA LUTFIAH RAHMADINA', 'xiakl12324', 'AKL', 2324),
(14372324, '228427', 'PURWANTI', 'xiakl12324', 'AKL', 2324),
(14382324, '228428', 'RAFI DWI FEBIAN', 'xiakl12324', 'AKL', 2324),
(14392324, '228429', 'RATU SAILA SIMA', 'xiakl12324', 'AKL', 2324),
(14402324, '228433', 'RIVALDI HAERUDIN', 'xiakl12324', 'AKL', 2324),
(14412324, '228434', 'RIZKY ALFIAN', 'xiakl12324', 'AKL', 2324),
(14422324, '228438', 'SELA AMALIAH', 'xiakl12324', 'AKL', 2324),
(14432324, '228440', 'SHOLEH MARWIDIKA', 'xiakl12324', 'AKL', 2324),
(14442324, '228444', 'TASYA MARIMBI', 'xiakl12324', 'AKL', 2324),
(14452324, '228445', 'TATIA NUR APRIYANI', 'xiakl12324', 'AKL', 2324),
(14462324, '228447', 'TESSA LAVINA WIJAYA PHANG', 'xiakl12324', 'AKL', 2324),
(14472324, '228448', 'TILAR MIFTAKHUL JANAH', 'xiakl12324', 'AKL', 2324),
(14482324, '228454', 'YARA FATHIA ARDANY', 'xiakl12324', 'AKL', 2324),
(14492324, '228369', 'ADINDA ALYA DWI ANGGRAENI', 'xiakl22324', 'AKL', 2324),
(14502324, '228370', 'AGUNG ARDIANSYAH', 'xiakl22324', 'AKL', 2324),
(14512324, '228371', 'AKHMELIA CITRA BUDIYANTI', 'xiakl22324', 'AKL', 2324),
(14522324, '228372', 'ALFIN KHOIRUL WILDAN', 'xiakl22324', 'AKL', 2324),
(14532324, '228373', 'ALISA HILDA APRILIA', 'xiakl22324', 'AKL', 2324),
(14542324, '228374', 'ALVI NURMALA D. W', 'xiakl22324', 'AKL', 2324),
(14552324, '228376', 'AMIRA KANZA DESLIA', 'xiakl22324', 'AKL', 2324),
(14562324, '228377', 'ANI', 'xiakl22324', 'AKL', 2324),
(14572324, '228378', 'ANNISA', 'xiakl22324', 'AKL', 2324),
(14582324, '228379', 'AULIA FITRIANI', 'xiakl22324', 'AKL', 2324),
(14592324, '228382', 'AYU NIA SARAH', 'xiakl22324', 'AKL', 2324),
(14602324, '228390', 'DILA AYU LESTARI', 'xiakl22324', 'AKL', 2324),
(14612324, '228391', 'DITA VIA ANGGRAENI', 'xiakl22324', 'AKL', 2324),
(14622324, '228394', 'EKO PRASETYO', 'xiakl22324', 'AKL', 2324),
(14632324, '228396', 'ERVAN HIDAYAT', 'xiakl22324', 'AKL', 2324),
(14642324, '228398', 'FRASTIO', 'xiakl22324', 'AKL', 2324),
(14652324, '228399', 'GALANG RIZKI ANUGRAH', 'xiakl22324', 'AKL', 2324),
(14662324, '228401', 'HARMELIA NAISA PUTRI', 'xiakl22324', 'AKL', 2324),
(14672324, '228404', 'IQBAL PERMANA', 'xiakl22324', 'AKL', 2324),
(14682324, '228405', 'JEFRI GIOVANIE', 'xiakl22324', 'AKL', 2324),
(14692324, '228408', 'KAYLA PUTRI AGUSTIN', 'xiakl22324', 'AKL', 2324),
(14702324, '228409', 'KEYZIA SYAFFA ADHILA', 'xiakl22324', 'AKL', 2324),
(14712324, '228419', 'M. FAUZI ABDUL ROHIM', 'xiakl22324', 'AKL', 2324),
(14722324, '228414', 'MEIFRIZA DWI PUTRA', 'xiakl22324', 'AKL', 2324),
(14732324, '228416', 'MOHAMAD RIZKY ALBIANSYAH', 'xiakl22324', 'AKL', 2324),
(14742324, '228418', 'MUHAMAD ILHAM', 'xiakl22324', 'AKL', 2324),
(14752324, '228421', 'NABILA AL ZAHRA', 'xiakl22324', 'AKL', 2324),
(14762324, '228426', 'NOVRIA NAYLA ZAHRA', 'xiakl22324', 'AKL', 2324),
(14772324, '228430', 'RENA PUJI LESTARI', 'xiakl22324', 'AKL', 2324),
(14782324, '228432', 'REVA AGIS ADELLIA', 'xiakl22324', 'AKL', 2324),
(14792324, '228435', 'RIZKY WIJAYA', 'xiakl22324', 'AKL', 2324),
(14802324, '228436', 'RIZQI AMANDA', 'xiakl22324', 'AKL', 2324),
(14812324, '228437', 'RYFAN ALAMSYAH', 'xiakl22324', 'AKL', 2324),
(14822324, '228439', 'SERINA AMELIA PUTRI', 'xiakl22324', 'AKL', 2324),
(14832324, '228441', 'SITI NUR FADILAH', 'xiakl22324', 'AKL', 2324),
(14842324, '228442', 'SOFHIA AROFAH', 'xiakl22324', 'AKL', 2324),
(14852324, '228443', 'SUSI LESTARI LESTIA DEWI', 'xiakl22324', 'AKL', 2324),
(14862324, '228446', 'TAUFIK SAPUTRA', 'xiakl22324', 'AKL', 2324),
(14872324, '228449', 'TUBAGUS UBAIDILLAH FAJRIN', 'xiakl22324', 'AKL', 2324),
(14882324, '228450', 'VANI EKA MELIA', 'xiakl22324', 'AKL', 2324),
(14892324, '228451', 'VIRLA DWI ARIYANTI', 'xiakl22324', 'AKL', 2324),
(14902324, '228452', 'WIDI ANJARWATI', 'xiakl22324', 'AKL', 2324),
(14912324, '228453', 'WIDIYA NINGSIH', 'xiakl22324', 'AKL', 2324),
(14922324, '228588', 'ADE SETYA CANDRA', 'xidkv2324', 'DKV', 2324),
(14932324, '228589', 'ARIANSYAH', 'xidkv2324', 'DKV', 2324),
(14942324, '228590', 'ARYA SUBAGJA', 'xidkv2324', 'DKV', 2324),
(14952324, '228591', 'DIAN NOVITA SARI', 'xidkv2324', 'DKV', 2324),
(14962324, '228592', 'DIDA PERKASA', 'xidkv2324', 'DKV', 2324),
(14972324, '228593', 'EGHA PATRIANSYAH', 'xidkv2324', 'DKV', 2324),
(14982324, '228594', 'ESMERALDA VALENCIA WIDJAJA', 'xidkv2324', 'DKV', 2324),
(14992324, '228595', 'FAHIRA ANA PUTRI', 'xidkv2324', 'DKV', 2324),
(15002324, '228596', 'FARHAN SETYAWAN', 'xidkv2324', 'DKV', 2324),
(15012324, '228597', 'GITA INDAH SABANA', 'xidkv2324', 'DKV', 2324),
(15022324, '228599', 'IBNU ADITYA ADNAN', 'xidkv2324', 'DKV', 2324),
(15032324, '228600', 'IKHSAN BAYU NUGROHO', 'xidkv2324', 'DKV', 2324),
(15042324, '228601', 'ISMAIL AHMAD SAHDAD', 'xidkv2324', 'DKV', 2324),
(15052324, '228602', 'ISTAUFIRIN', 'xidkv2324', 'DKV', 2324),
(15062324, '228603', 'IVAN FERDINAN', 'xidkv2324', 'DKV', 2324),
(15072324, '228605', 'JONI', 'xidkv2324', 'DKV', 2324),
(15082324, '228606', 'JUSTIN RAFAEL', 'xidkv2324', 'DKV', 2324),
(15092324, '228607', 'LANANG SINGGIH PANGESTU', 'xidkv2324', 'DKV', 2324),
(15102324, '228637', 'LEON ALEVI GUSTAN', 'xidkv2324', 'DKV', 2324),
(15112324, '228608', 'MARCELL RAKASE', 'xidkv2324', 'DKV', 2324),
(15122324, '228609', 'MARTIN AL FATHONI', 'xidkv2324', 'DKV', 2324),
(15132324, '228610', 'MIXCEL DIMAS JUNIAWAN', 'xidkv2324', 'DKV', 2324),
(15142324, '228611', 'MOSES DOLVIN MAELISSA', 'xidkv2324', 'DKV', 2324),
(15152324, '228612', 'MUHAMAD RIKO SYAHPUTRA', 'xidkv2324', 'DKV', 2324),
(15162324, '228613', 'MUHAMMAD NURSHAM AHMADINEJAD', 'xidkv2324', 'DKV', 2324),
(15172324, '228614', 'MUTIA VARA DILLA', 'xidkv2324', 'DKV', 2324),
(15182324, '228615', 'NADIA ARDHELIA PUTRI', 'xidkv2324', 'DKV', 2324),
(15192324, '228616', 'NAFI\'AJI VANOROSSI', 'xidkv2324', 'DKV', 2324),
(15202324, '228617', 'NOFIA INDRIANI', 'xidkv2324', 'DKV', 2324),
(15212324, '228618', 'RAFFAEL EDGINA', 'xidkv2324', 'DKV', 2324),
(15222324, '228619', 'RAFI ACHMAD APRILIANDI', 'xidkv2324', 'DKV', 2324),
(15232324, '228620', 'RAFKA AFRIZAL MUTTAQIN', 'xidkv2324', 'DKV', 2324),
(15242324, '228621', 'RAIHAN DWI FEBRIYANTO', 'xidkv2324', 'DKV', 2324),
(15252324, '228622', 'RAVI HAFIZ ARDIANSYAH', 'xidkv2324', 'DKV', 2324),
(15262324, '228623', 'REGA JUVENSIA SAPUTRA', 'xidkv2324', 'DKV', 2324),
(15272324, '228624', 'REHAN JULIANTO', 'xidkv2324', 'DKV', 2324),
(15282324, '228625', 'RIFAT AKMAL', 'xidkv2324', 'DKV', 2324),
(15292324, '228626', 'RIO ARDIANSYAH', 'xidkv2324', 'DKV', 2324),
(15302324, '228627', 'RIZKY DIAN PERMANA', 'xidkv2324', 'DKV', 2324),
(15312324, '228628', 'RIZQI MUH AKBAR', 'xidkv2324', 'DKV', 2324),
(15322324, '228629', 'RUDIYANSAH', 'xidkv2324', 'DKV', 2324),
(15332324, '228630', 'TUBAGUS RAIHAN RAHMATULLOH HIDAYAT', 'xidkv2324', 'DKV', 2324),
(15342324, '228631', 'VERDINAN WILLIAM HOLLE', 'xidkv2324', 'DKV', 2324),
(15352324, '228632', 'ZASKIA DEVINA ROSALINA', 'xidkv2324', 'DKV', 2324),
(15362324, '228456', 'ADINDA BUNGA LESTARI', 'ximplb12324', 'MPLB', 2324),
(15372324, '228458', 'ALISYA MERIYANTI', 'ximplb12324', 'MPLB', 2324),
(15382324, '228459', 'ANANDA CINTHYA CLARA ARITONANG', 'ximplb12324', 'MPLB', 2324),
(15392324, '228460', 'ANISSA AL - KHOIRIYAH', 'ximplb12324', 'MPLB', 2324),
(15402324, '228464', 'AZ-ZAHRA NUR AZIZAH SYAHRANI', 'ximplb12324', 'MPLB', 2324),
(15412324, '228465', 'CARLA FERNANDA PUTRI', 'ximplb12324', 'MPLB', 2324),
(15422324, '228467', 'CHATARINA OCTHA PUTRYANI DEYO', 'ximplb12324', 'MPLB', 2324),
(15432324, '228468', 'CHATRIN VEXIA', 'ximplb12324', 'MPLB', 2324),
(15442324, '228469', 'CHESYA TRYASA PUTRY', 'ximplb12324', 'MPLB', 2324),
(15452324, '228471', 'DEVI RISFA DAMIANTI ATONIS', 'ximplb12324', 'MPLB', 2324),
(15462324, '228472', 'DHEA DWI ARYANI', 'ximplb12324', 'MPLB', 2324),
(15472324, '228476', 'EKA SEPTI WULANDARI', 'ximplb12324', 'MPLB', 2324),
(15482324, '228477', 'ELLEN EVELYN ALDEA', 'ximplb12324', 'MPLB', 2324),
(15492324, '228478', 'EUIS MARYANTI', 'ximplb12324', 'MPLB', 2324),
(15502324, '228481', 'FEBY PRAMONO', 'ximplb12324', 'MPLB', 2324),
(15512324, '228484', 'FIVEILIKA CANDRA SARI', 'ximplb12324', 'MPLB', 2324),
(15522324, '228487', 'HARTINI', 'ximplb12324', 'MPLB', 2324),
(15532324, '228488', 'IKA WULANDARI', 'ximplb12324', 'MPLB', 2324),
(15542324, '228490', 'JELITA AURELIA', 'ximplb12324', 'MPLB', 2324),
(15552324, '228492', 'JUWITA HERLINA KABNANI', 'ximplb12324', 'MPLB', 2324),
(15562324, '228493', 'KAMILAH NURSEHA', 'ximplb12324', 'MPLB', 2324),
(15572324, '228494', 'KAYLA RAHMADINI', 'ximplb12324', 'MPLB', 2324),
(15582324, '228495', 'KOMALA SARI', 'ximplb12324', 'MPLB', 2324),
(15592324, '228496', 'LAELI SYIFA AYU NURINSANI', 'ximplb12324', 'MPLB', 2324),
(15602324, '228498', 'LUDIANA FEBRIANI', 'ximplb12324', 'MPLB', 2324),
(15612324, '228501', 'MARIA KARMELIN TADA WAWIN', 'ximplb12324', 'MPLB', 2324),
(15622324, '228502', 'MAULIDYAH SYAM', 'ximplb12324', 'MPLB', 2324),
(15632324, '228507', 'NADYAH AYU KUSUMAWATI', 'ximplb12324', 'MPLB', 2324),
(15642324, '228508', 'NAGITA JUANISAH', 'ximplb12324', 'MPLB', 2324),
(15652324, '228512', 'NAZWA ERSALIA PUTRI', 'ximplb12324', 'MPLB', 2324),
(15662324, '228513', 'NOVA ARYANI BASTIAN', 'ximplb12324', 'MPLB', 2324),
(15672324, '228516', 'NUR AINI AFRIDA', 'ximplb12324', 'MPLB', 2324),
(15682324, '228518', 'NUR FITRIAH RAMADHANI', 'ximplb12324', 'MPLB', 2324),
(15692324, '228519', 'PERMATA AYUDIA', 'ximplb12324', 'MPLB', 2324),
(15702324, '228522', 'PUTRI OCTAVIA RAMADHANY', 'ximplb12324', 'MPLB', 2324),
(15712324, '228525', 'RIZKY DAMAYANTI', 'ximplb12324', 'MPLB', 2324),
(15722324, '228528', 'SEPTI DWI ERIATI', 'ximplb12324', 'MPLB', 2324),
(15732324, '228529', 'SINGGIH UMI UTAMI', 'ximplb12324', 'MPLB', 2324),
(15742324, '228536', 'SYAFA AZZAHRA', 'ximplb12324', 'MPLB', 2324),
(15752324, '228538', 'SZASKYA NOER HANY', 'ximplb12324', 'MPLB', 2324),
(15762324, '228539', 'TARA ZAGITHA', 'ximplb12324', 'MPLB', 2324),
(15772324, '228540', 'TIARA PUTRI ANDIKA', 'ximplb12324', 'MPLB', 2324),
(15782324, '228542', 'WULAN NOVITA SARI', 'ximplb12324', 'MPLB', 2324),
(15792324, '228457', 'ALILATULBARIZA KESYA AGISTI', 'ximplb22324', 'MPLB', 2324),
(15802324, '228461', 'ANNISA KUSMARI', 'ximplb22324', 'MPLB', 2324),
(15812324, '228462', 'AWALIA BUNGA ZHARIFAH', 'ximplb22324', 'MPLB', 2324),
(15822324, '228463', 'AWALIATUL KAMILA', 'ximplb22324', 'MPLB', 2324),
(15832324, '228466', 'CARLA JUNITA', 'ximplb22324', 'MPLB', 2324),
(15842324, '228470', 'DELLA MEISYA ALIFIA', 'ximplb22324', 'MPLB', 2324),
(15852324, '228473', 'DIAH AYU LESTARI', 'ximplb22324', 'MPLB', 2324),
(15862324, '228474', 'DINA APRILIA', 'ximplb22324', 'MPLB', 2324),
(15872324, '228475', 'DWI NAZWA DHILA', 'ximplb22324', 'MPLB', 2324),
(15882324, '228479', 'FAATIHUL KHASANAH', 'ximplb22324', 'MPLB', 2324),
(15892324, '228480', 'FADILA RAHMASARI', 'ximplb22324', 'MPLB', 2324),
(15902324, '228482', 'FITRI ARILA ZAHRA', 'ximplb22324', 'MPLB', 2324),
(15912324, '228483', 'FITRI HANDAYANI', 'ximplb22324', 'MPLB', 2324),
(15922324, '228485', 'GUSTINA', 'ximplb22324', 'MPLB', 2324),
(15932324, '228486', 'HAFIZAH SUSANTI', 'ximplb22324', 'MPLB', 2324),
(15942324, '228489', 'ILYASA RAMADANINGTIAS PRASETYA', 'ximplb22324', 'MPLB', 2324),
(15952324, '228491', 'JESIKA LOSARY HELDY', 'ximplb22324', 'MPLB', 2324),
(15962324, '228497', 'LINDA AGUSTIN', 'ximplb22324', 'MPLB', 2324),
(15972324, '228499', 'LUNA AMALIA AZAHRA', 'ximplb22324', 'MPLB', 2324),
(15982324, '228500', 'LUTFIYATUN NISA', 'ximplb22324', 'MPLB', 2324),
(15992324, '228503', 'MUTIA APRILAH', 'ximplb22324', 'MPLB', 2324),
(16002324, '228504', 'NABILA AZAHRA', 'ximplb22324', 'MPLB', 2324),
(16012324, '228505', 'NABILA PUTRI DAMAYANTI', 'ximplb22324', 'MPLB', 2324),
(16022324, '228506', 'NABILA ZAHRA', 'ximplb22324', 'MPLB', 2324),
(16032324, '228509', 'NAULI SYAHLINA', 'ximplb22324', 'MPLB', 2324),
(16042324, '228510', 'NAYA NATHANIA', 'ximplb22324', 'MPLB', 2324),
(16052324, '228511', 'NAYLA HERLITA', 'ximplb22324', 'MPLB', 2324),
(16062324, '228514', 'NOVIA EKA SAFITRI', 'ximplb22324', 'MPLB', 2324),
(16072324, '228515', 'NOVITA NATASHA', 'ximplb22324', 'MPLB', 2324),
(16082324, '228517', 'NUR AMALAH', 'ximplb22324', 'MPLB', 2324),
(16092324, '228520', 'PUTRI MUHTAZAH', 'ximplb22324', 'MPLB', 2324),
(16102324, '228523', 'RINA ZAHRAH', 'ximplb22324', 'MPLB', 2324),
(16112324, '228524', 'RIZKA SYAFA MAGHFIRA', 'ximplb22324', 'MPLB', 2324),
(16122324, '228526', 'SAFINATUN NAJA', 'ximplb22324', 'MPLB', 2324),
(16132324, '228527', 'SALWA AURISKI AGUSTIN', 'ximplb22324', 'MPLB', 2324),
(16142324, '228530', 'SISKA AMELIA', 'ximplb22324', 'MPLB', 2324),
(16152324, '228531', 'SITI ROBIYAH ADAWIYAH', 'ximplb22324', 'MPLB', 2324),
(16162324, '228532', 'SITI ROHMATULLATIFAH', 'ximplb22324', 'MPLB', 2324),
(16172324, '228533', 'SITI SOFIAH', 'ximplb22324', 'MPLB', 2324),
(16182324, '228535', 'SIVA AULIANI', 'ximplb22324', 'MPLB', 2324),
(16192324, '228537', 'SYIFA QURROTUL \'AIN', 'ximplb22324', 'MPLB', 2324),
(16202324, '228541', 'USWATUN HASANAH', 'ximplb22324', 'MPLB', 2324),
(16212324, '228543', 'ZALFA NABILA PRISTI', 'ximplb22324', 'MPLB', 2324),
(16222324, '228544', 'AIRIN', 'xipm2324', 'PM', 2324),
(16232324, '228545', 'ANGGI SIAGIAN', 'xipm2324', 'PM', 2324),
(16242324, '228546', 'AURA ADREZY SUPRIYADI', 'xipm2324', 'PM', 2324),
(16252324, '228547', 'AURA KAYLLA PUTRI', 'xipm2324', 'PM', 2324),
(16262324, '228548', 'BOBBY BARUNA', 'xipm2324', 'PM', 2324),
(16272324, '228549', 'CIPTO ALDI PRAMANA', 'xipm2324', 'PM', 2324),
(16282324, '228550', 'DAVIQ KHALIK', 'xipm2324', 'PM', 2324),
(16292324, '228551', 'DIAH KOMALA SARI', 'xipm2324', 'PM', 2324),
(16302324, '228552', 'DIANA PUTRI', 'xipm2324', 'PM', 2324),
(16312324, '228553', 'ENGGAR NANDA SAPUTRA', 'xipm2324', 'PM', 2324),
(16322324, '228554', 'EVI FEBRIYANI', 'xipm2324', 'PM', 2324),
(16332324, '228555', 'FAUZAN JABAHNUR', 'xipm2324', 'PM', 2324),
(16342324, '228556', 'FAUZI GHOZALI', 'xipm2324', 'PM', 2324),
(16352324, '228557', 'FITRI ANDRIYANI', 'xipm2324', 'PM', 2324),
(16362324, '228558', 'FRISCA ANGGITA RAHMADINA', 'xipm2324', 'PM', 2324),
(16372324, '228559', 'FRISINTA EGI AHFATUROHMAH', 'xipm2324', 'PM', 2324),
(16382324, '228560', 'GALANG ROMADHON', 'xipm2324', 'PM', 2324),
(16392324, '228561', 'JEYAN SABILLI', 'xipm2324', 'PM', 2324),
(16402324, '228562', 'M.RAFLI ANDIKA', 'xipm2324', 'PM', 2324),
(16412324, '228563', 'MISEL MONIKA FEYBIOLA', 'xipm2324', 'PM', 2324),
(16422324, '228564', 'MOHAMMAD RIF\'AN KHOLILI', 'xipm2324', 'PM', 2324),
(16432324, '228565', 'MUHAMAD AZIZ AL BUKHORY', 'xipm2324', 'PM', 2324),
(16442324, '228566', 'MUHAMAD ILMAN ZIDNI', 'xipm2324', 'PM', 2324),
(16452324, '228567', 'MUHAMMAD HAQQIN NAZILI', 'xipm2324', 'PM', 2324),
(16462324, '228568', 'MUHAMMAD RASYA', 'xipm2324', 'PM', 2324),
(16472324, '228569', 'MUHAMMAD RIDWAN', 'xipm2324', 'PM', 2324),
(16482324, '228570', 'NADIA SANDRA PRATIWI', 'xipm2324', 'PM', 2324),
(16492324, '228571', 'NEIVIELL OLIVIA TJONG', 'xipm2324', 'PM', 2324),
(16502324, '228572', 'NETI PRIYANA', 'xipm2324', 'PM', 2324),
(16512324, '228573', 'NEYSAH DHEA PUTRI', 'xipm2324', 'PM', 2324),
(16522324, '228575', 'NOVA RIANSAH', 'xipm2324', 'PM', 2324),
(16532324, '228576', 'NURUL MULYANI', 'xipm2324', 'PM', 2324),
(16542324, '228577', 'PUTRI NIANSYAH HANDAYANI', 'xipm2324', 'PM', 2324),
(16552324, '228578', 'RAHAYU NOVITA LESTARI', 'xipm2324', 'PM', 2324),
(16562324, '228579', 'RIFQI MAYZA DWI SAPUTRA', 'xipm2324', 'PM', 2324),
(16572324, '228580', 'RISKI', 'xipm2324', 'PM', 2324),
(16582324, '228582', 'ROMLAH SULISTIOWATI', 'xipm2324', 'PM', 2324),
(16592324, '228583', 'SAHRUL ARIPIN', 'xipm2324', 'PM', 2324),
(16602324, '228584', 'SENDY EKA FAJRIANSYAH', 'xipm2324', 'PM', 2324),
(16612324, '228585', 'SUCI RAHMA WATI', 'xipm2324', 'PM', 2324),
(16622324, '228586', 'YUDHA ADI WIJAYA', 'xipm2324', 'PM', 2324),
(16632324, '228587', 'ZAKY RADITYA SUSANTA', 'xipm2324', 'PM', 2324),
(16642324, '228234', 'ACHMAD ZAENI ALIFIANSYAH', 'xitjkt12324', 'TJKT', 2324),
(16652324, '228235', 'ADE FEBIYAN', 'xitjkt12324', 'TJKT', 2324),
(16662324, '228246', 'AKBAR MAULANA', 'xitjkt12324', 'TJKT', 2324),
(16672324, '228247', 'ALDI FIRMAN SYAH', 'xitjkt12324', 'TJKT', 2324),
(16682324, '228248', 'ALEX REVALDO', 'xitjkt12324', 'TJKT', 2324),
(16692324, '228249', 'ALFINTER RICO PARNINGOTAN', 'xitjkt12324', 'TJKT', 2324),
(16702324, '228250', 'ALVIAN DWI SASONGKO', 'xitjkt12324', 'TJKT', 2324),
(16712324, '228251', 'AMSAL LEONARDO TOBING', 'xitjkt12324', 'TJKT', 2324),
(16722324, '228259', 'BAYU SULTAN', 'xitjkt12324', 'TJKT', 2324),
(16732324, '228261', 'DAFFA FADLIL AFAN', 'xitjkt12324', 'TJKT', 2324),
(16742324, '228263', 'DESTEFANO ADAM REIVAND', 'xitjkt12324', 'TJKT', 2324),
(16752324, '228264', 'DIMAS PRAYUDI', 'xitjkt12324', 'TJKT', 2324),
(16762324, '228267', 'DYMAS PANJI PANGESTU', 'xitjkt12324', 'TJKT', 2324),
(16772324, '228268', 'EGY HARDIANSYAH', 'xitjkt12324', 'TJKT', 2324),
(16782324, '228274', 'EVANDRA GUSTI RAHARJO', 'xitjkt12324', 'TJKT', 2324),
(16792324, '228275', 'FADHIL FARIZI AZIZ', 'xitjkt12324', 'TJKT', 2324),
(16802324, '228278', 'FAISSAL ARMANTO', 'xitjkt12324', 'TJKT', 2324),
(16812324, '228279', 'FAREL AFIATUSADID AHMAD', 'xitjkt12324', 'TJKT', 2324),
(16822324, '228284', 'FEBRIO SAMMY NUGRAHA', 'xitjkt12324', 'TJKT', 2324),
(16832324, '228287', 'HERNAN BUDI LAKSNA', 'xitjkt12324', 'TJKT', 2324),
(16842324, '228293', 'ILHAM SAHRUL HASAN', 'xitjkt12324', 'TJKT', 2324),
(16852324, '228295', 'IMAM SURYO SUCIPTO', 'xitjkt12324', 'TJKT', 2324),
(16862324, '228296', 'INTAN ANGGELIA PUTRI', 'xitjkt12324', 'TJKT', 2324),
(16872324, '228297', 'JAFAR UMAR THALIB AL GHIFARI', 'xitjkt12324', 'TJKT', 2324),
(16882324, '228299', 'KLIWLY KASMALA HERMAWAN', 'xitjkt12324', 'TJKT', 2324),
(16892324, '228307', 'MONICA JULIANA', 'xitjkt12324', 'TJKT', 2324),
(16902324, '228305', 'MUHAMAD AZRIL IHSANI', 'xitjkt12324', 'TJKT', 2324),
(16912324, '228309', 'MUHAMAD FERDI LESMANA', 'xitjkt12324', 'TJKT', 2324),
(16922324, '228313', 'MUHAMAD ZAKI SAPUTRA', 'xitjkt12324', 'TJKT', 2324),
(16932324, '228317', 'MUHAMMAD BAGAS FEBRIANSYAH', 'xitjkt12324', 'TJKT', 2324),
(16942324, '228320', 'MUHAMMAD FAISHAL', 'xitjkt12324', 'TJKT', 2324),
(16952324, '228322', 'MUHAMMAD ILFAN MAULANA', 'xitjkt12324', 'TJKT', 2324),
(16962324, '228323', 'MUHAMMAD ILHAM', 'xitjkt12324', 'TJKT', 2324),
(16972324, '228324', 'MUHAMMAD NAUFAL MAHDI', 'xitjkt12324', 'TJKT', 2324),
(16982324, '228325', 'MUHAMMAD RAHMAT DANI', 'xitjkt12324', 'TJKT', 2324),
(16992324, '228333', 'NUGI SATRIA', 'xitjkt12324', 'TJKT', 2324),
(17002324, '228334', 'NUR AJI INDRA MAULANA', 'xitjkt12324', 'TJKT', 2324),
(17012324, '228339', 'RADITYA SELWA NOVA', 'xitjkt12324', 'TJKT', 2324),
(17022324, '228344', 'RAMA WIGUNA', 'xitjkt12324', 'TJKT', 2324),
(17032324, '228347', 'RENDY ARDIANSYAH', 'xitjkt12324', 'TJKT', 2324),
(17042324, '228351', 'RIFA GLAND ALINSKIE', 'xitjkt12324', 'TJKT', 2324),
(17052324, '228352', 'RIKY ARYA SAPUTRO', 'xitjkt12324', 'TJKT', 2324),
(17062324, '228360', 'SHAHIBUR RIDWAN', 'xitjkt12324', 'TJKT', 2324),
(17072324, '228364', 'WAHYU ANJAR SETIAWAN', 'xitjkt12324', 'TJKT', 2324),
(17082324, '228367', 'ZAKY ADRIAN FERNANDO', 'xitjkt12324', 'TJKT', 2324),
(17092324, '228237', 'ADI SAPUTRA', 'xitjkt22324', 'TJKT', 2324),
(17102324, '228238', 'ADI SETYO GUNAWAN', 'xitjkt22324', 'TJKT', 2324),
(17112324, '228239', 'AFRIZA HARDIANTO SAPUTRA', 'xitjkt22324', 'TJKT', 2324),
(17122324, '228242', 'AHMAD ADRIAN PRATAMA', 'xitjkt22324', 'TJKT', 2324),
(17132324, '228245', 'AJI ILHAM', 'xitjkt22324', 'TJKT', 2324),
(17142324, '228252', 'ANGGI ARDIYANSAH', 'xitjkt22324', 'TJKT', 2324),
(17152324, '228253', 'ANZANI PESTA JUWITA NAIBAHO', 'xitjkt22324', 'TJKT', 2324),
(17162324, '228255', 'ARYA NURKHOLIK', 'xitjkt22324', 'TJKT', 2324),
(17172324, '228256', 'BAGAS DWI PRAYOGA', 'xitjkt22324', 'TJKT', 2324),
(17182324, '228258', 'BAYU FIRGIAWAN LISTANTO', 'xitjkt22324', 'TJKT', 2324),
(17192324, '228260', 'DAFFA ANGGARA RADITYA', 'xitjkt22324', 'TJKT', 2324),
(17202324, '228270', 'ERLAND SBASTIAN GUNAWAN', 'xitjkt22324', 'TJKT', 2324),
(17212324, '228280', 'FARIS AHMAD RIFQY', 'xitjkt22324', 'TJKT', 2324),
(17222324, '228282', 'FAYAD HAWARI', 'xitjkt22324', 'TJKT', 2324),
(17232324, '228286', 'GILANG MUHADZIB', 'xitjkt22324', 'TJKT', 2324),
(17242324, '228288', 'IBNU BACTIAR GULTOM', 'xitjkt22324', 'TJKT', 2324),
(17252324, '228291', 'IKFANSYAH', 'xitjkt22324', 'TJKT', 2324),
(17262324, '228292', 'IKHSAN NURRIZKY', 'xitjkt22324', 'TJKT', 2324),
(17272324, '228298', 'JONATHAN IGBAL PUTRA', 'xitjkt22324', 'TJKT', 2324),
(17282324, '228300', 'LEFI NURYANDI', 'xitjkt22324', 'TJKT', 2324),
(17292324, '228304', 'MERLINA EVELYN', 'xitjkt22324', 'TJKT', 2324),
(17302324, '228311', 'MUHAMAD RISKI', 'xitjkt22324', 'TJKT', 2324),
(17312324, '228312', 'MUHAMAD SYAISAR RAMADHAN', 'xitjkt22324', 'TJKT', 2324),
(17322324, '228315', 'MUHAMMAD ADRIANSYAH', 'xitjkt22324', 'TJKT', 2324),
(17332324, '228321', 'MUHAMMAD GILANG RADITIYA', 'xitjkt22324', 'TJKT', 2324);
INSERT INTO `siswa` (`id_siswa`, `nis`, `nama_siswa`, `id_kelas`, `kode`, `id_ta`) VALUES
(17342324, '228327', 'MUHAMMAD RIZKI SAPUTRA', 'xitjkt22324', 'TJKT', 2324),
(17352324, '228328', 'MUHAMMAD SAEFULAH', 'xitjkt22324', 'TJKT', 2324),
(17362324, '228330', 'NAUKY BAGUS PRATAMA', 'xitjkt22324', 'TJKT', 2324),
(17372324, '228335', 'NUR AWAL SANTOSO', 'xitjkt22324', 'TJKT', 2324),
(17382324, '228337', 'RADIT SYAHPUTRA', 'xitjkt22324', 'TJKT', 2324),
(17392324, '228340', 'RAFFI PRASETIA', 'xitjkt22324', 'TJKT', 2324),
(17402324, '228341', 'RAHMANDANI', 'xitjkt22324', 'TJKT', 2324),
(17412324, '228346', 'RENDI IRWANSYAH', 'xitjkt22324', 'TJKT', 2324),
(17422324, '228348', 'RENDY PUTRA AFIA', 'xitjkt22324', 'TJKT', 2324),
(17432324, '228355', 'RIZKY KURNIAWAN', 'xitjkt22324', 'TJKT', 2324),
(17442324, '228357', 'RIZQI MARDIANSYAH', 'xitjkt22324', 'TJKT', 2324),
(17452324, '228358', 'ROMI CANDRA WINATA', 'xitjkt22324', 'TJKT', 2324),
(17462324, '228361', 'SHERIL ARDIKA ASSHAWA', 'xitjkt22324', 'TJKT', 2324),
(17472324, '228362', 'SONI SAPUTRA', 'xitjkt22324', 'TJKT', 2324),
(17482324, '228363', 'SYAHDANI AGUSTIO', 'xitjkt22324', 'TJKT', 2324),
(17492324, '228365', 'WIKO RIPANDA PUTRA', 'xitjkt22324', 'TJKT', 2324),
(17502324, '228236', 'ADE RAFLI', 'xitjkt32324', 'TJKT', 2324),
(17512324, '228240', 'AGUNG NUR RISKI', 'xitjkt32324', 'TJKT', 2324),
(17522324, '228241', 'AHMAD ABIDZAR RIFA\'I', 'xitjkt32324', 'TJKT', 2324),
(17532324, '228243', 'AHMAD EKA PRATAMA', 'xitjkt32324', 'TJKT', 2324),
(17542324, '228244', 'AHMAD HAERUL HADI', 'xitjkt32324', 'TJKT', 2324),
(17552324, '228257', 'BAGAS SADEWO JATI', 'xitjkt32324', 'TJKT', 2324),
(17562324, '228265', 'DIMAS SAPUTRA', 'xitjkt32324', 'TJKT', 2324),
(17572324, '228266', 'DWI ADI NUGROHO', 'xitjkt32324', 'TJKT', 2324),
(17582324, '228269', 'ERIK YOGA PRATAMA', 'xitjkt32324', 'TJKT', 2324),
(17592324, '228271', 'ERLANGGA SAPUTRA', 'xitjkt32324', 'TJKT', 2324),
(17602324, '228273', 'EVAN TRILYANTO', 'xitjkt32324', 'TJKT', 2324),
(17612324, '228276', 'FADHIL KURNIAWAN', 'xitjkt32324', 'TJKT', 2324),
(17622324, '228277', 'FAHMI WIJAYA', 'xitjkt32324', 'TJKT', 2324),
(17632324, '228281', 'FASKALIS HAMBALLAH AKBAR', 'xitjkt32324', 'TJKT', 2324),
(17642324, '228283', 'FAZA ZAHIDAN', 'xitjkt32324', 'TJKT', 2324),
(17652324, '228285', 'GALIH ADI APRIANSYAH', 'xitjkt32324', 'TJKT', 2324),
(17662324, '228289', 'IBNU BASUNJAY', 'xitjkt32324', 'TJKT', 2324),
(17672324, '228290', 'IBRA HAFIZH HERMAWAN', 'xitjkt32324', 'TJKT', 2324),
(17682324, '228636', 'IRWAN SURYANATA', 'xitjkt32324', 'TJKT', 2324),
(17692324, '228301', 'LUTFIANSYAH ALFAHREZI', 'xitjkt32324', 'TJKT', 2324),
(17702324, '228302', 'MAULANA ISHAQ', 'xitjkt32324', 'TJKT', 2324),
(17712324, '228303', 'MAULANA SANJAYA', 'xitjkt32324', 'TJKT', 2324),
(17722324, '228306', 'MOHAMMAD FAIZ SHALIHIN', 'xitjkt32324', 'TJKT', 2324),
(17732324, '228310', 'MUHAMAD IQBAL AL FAREZI', 'xitjkt32324', 'TJKT', 2324),
(17742324, '228316', 'MUHAMMAD ARMAN MALIKI', 'xitjkt32324', 'TJKT', 2324),
(17752324, '228318', 'MUHAMMAD CHOIRUL HAMZAH', 'xitjkt32324', 'TJKT', 2324),
(17762324, '228319', 'MUHAMMAD FADIL', 'xitjkt32324', 'TJKT', 2324),
(17772324, '228308', 'MUHAMMAD HAIKHAL RAMDHANI', 'xitjkt32324', 'TJKT', 2324),
(17782324, '228326', 'MUHAMMAD RAIHAN', 'xitjkt32324', 'TJKT', 2324),
(17792324, '228329', 'NASYIFA ADINDA', 'xitjkt32324', 'TJKT', 2324),
(17802324, '228331', 'NOREEN TRIPUTRA', 'xitjkt32324', 'TJKT', 2324),
(17812324, '228336', 'PUTRA RASIET ANDRIANSYAH PRATAMA', 'xitjkt32324', 'TJKT', 2324),
(17822324, '228338', 'RADITYA PUTRA HARSYAH', 'xitjkt32324', 'TJKT', 2324),
(17832324, '228272', 'RADJA HIDAYAT', 'xitjkt32324', 'TJKT', 2324),
(17842324, '228342', 'RAIHAN PUTRA LESMANA', 'xitjkt32324', 'TJKT', 2324),
(17852324, '228343', 'RAKAN WIJAYA NENDRA', 'xitjkt32324', 'TJKT', 2324),
(17862324, '228345', 'RASYA BAGUS GUNAWAN', 'xitjkt32324', 'TJKT', 2324),
(17872324, '228350', 'RIDWAN SAPUTRA', 'xitjkt32324', 'TJKT', 2324),
(17882324, '228353', 'RIZAL NURIYANTO', 'xitjkt32324', 'TJKT', 2324),
(17892324, '228354', 'RIZKI FATIH AKMAL', 'xitjkt32324', 'TJKT', 2324),
(17902324, '228356', 'RIZKY RAHMADAN FALIFI', 'xitjkt32324', 'TJKT', 2324),
(17912324, '228366', 'ZAKI NURSYAHMAN', 'xitjkt32324', 'TJKT', 2324),
(17922324, '218068', 'ADITYA NURUL FIKRI', 'xiiakl12324', 'AKL', 2324),
(17932324, '218072', 'ALIYA INDRIYANI PUTRI', 'xiiakl12324', 'AKL', 2324),
(17942324, '218073', 'ALYA NASYWA KHAERANI', 'xiiakl12324', 'AKL', 2324),
(17952324, '218074', 'AMRAN DANY', 'xiiakl12324', 'AKL', 2324),
(17962324, '218077', 'BAGUS ARIEF SAPUTRA', 'xiiakl12324', 'AKL', 2324),
(17972324, '218078', 'CATERINE NATALIA TEJA', 'xiiakl12324', 'AKL', 2324),
(17982324, '218080', 'CICI HERDIANTI', 'xiiakl12324', 'AKL', 2324),
(17992324, '218223', 'DAVID UMAR HAMZAH', 'xiiakl12324', 'AKL', 2324),
(18002324, '218081', 'DHEASY NOVITA KUSUMA YETI', 'xiiakl12324', 'AKL', 2324),
(18012324, '228230', 'FERI HIRAWAN', 'xiiakl12324', 'AKL', 2324),
(18022324, '218085', 'INDI NOVI TRIANI', 'xiiakl12324', 'AKL', 2324),
(18032324, '218087', 'INTAN HESTIYANA', 'xiiakl12324', 'AKL', 2324),
(18042324, '218090', 'MARCEL EDHI SUTIKNA', 'xiiakl12324', 'AKL', 2324),
(18052324, '228231', 'MUHAMMAD RIFQY SAPUTRA', 'xiiakl12324', 'AKL', 2324),
(18062324, '218092', 'NABILAH INTAN NURAINI', 'xiiakl12324', 'AKL', 2324),
(18072324, '218093', 'NAILATUSY ARIBAH TASIMA', 'xiiakl12324', 'AKL', 2324),
(18082324, '218095', 'NATASYA ANANDA SANTOSO', 'xiiakl12324', 'AKL', 2324),
(18092324, '218099', 'NAZWA AULIA SALSABILLA', 'xiiakl12324', 'AKL', 2324),
(18102324, '218100', 'NIDA KHOIRURRAHMAH', 'xiiakl12324', 'AKL', 2324),
(18112324, '218103', 'RAMANDA OKTAVIANI', 'xiiakl12324', 'AKL', 2324),
(18122324, '218104', 'RAMDZAN MULIAWAN TRAH SAPUTRA', 'xiiakl12324', 'AKL', 2324),
(18132324, '218106', 'SADIAH', 'xiiakl12324', 'AKL', 2324),
(18142324, '218110', 'SHERREN FEBRIANY', 'xiiakl12324', 'AKL', 2324),
(18152324, '218111', 'STEVANI PUTRI WIJAYA', 'xiiakl12324', 'AKL', 2324),
(18162324, '218113', 'VANI HARIYANTI', 'xiiakl12324', 'AKL', 2324),
(18172324, '218069', 'ADITYA PRATAMA', 'xiiakl22324', 'AKL', 2324),
(18182324, '218070', 'ADUTA BAYHAQI', 'xiiakl22324', 'AKL', 2324),
(18192324, '218071', 'AHMAD RIDWAN', 'xiiakl22324', 'AKL', 2324),
(18202324, '218075', 'ANIN DWI RAHMAWATI', 'xiiakl22324', 'AKL', 2324),
(18212324, '218076', 'AULIA DZURUN NAFIS', 'xiiakl22324', 'AKL', 2324),
(18222324, '218079', 'CHERRYL DEANDYA KHALISHAH', 'xiiakl22324', 'AKL', 2324),
(18232324, '218229', 'DEWI PURNAMA SARI', 'xiiakl22324', 'AKL', 2324),
(18242324, '218082', 'DWI PRAMBANDARI', 'xiiakl22324', 'AKL', 2324),
(18252324, '218083', 'ERIKA ILMANISA', 'xiiakl22324', 'AKL', 2324),
(18262324, '218086', 'INEU SANTIKA', 'xiiakl22324', 'AKL', 2324),
(18272324, '218089', 'IRWANSYAH', 'xiiakl22324', 'AKL', 2324),
(18282324, '218091', 'MUHAMMAD YUSUF FADLAN', 'xiiakl22324', 'AKL', 2324),
(18292324, '218094', 'NANDA AULYA ARIYANDI', 'xiiakl22324', 'AKL', 2324),
(18302324, '218097', 'NAURAH SASMITA PUTRI', 'xiiakl22324', 'AKL', 2324),
(18312324, '218098', 'NAYLA PUTRI RAHARI', 'xiiakl22324', 'AKL', 2324),
(18322324, '218101', 'NISA UL HASANAH', 'xiiakl22324', 'AKL', 2324),
(18332324, '218102', 'ORYSA SATIVA', 'xiiakl22324', 'AKL', 2324),
(18342324, '218225', 'RIVAL WAHYUDIN', 'xiiakl22324', 'AKL', 2324),
(18352324, '218105', 'RIZKY DWI KARNADI', 'xiiakl22324', 'AKL', 2324),
(18362324, '218107', 'SARAH AULIYA', 'xiiakl22324', 'AKL', 2324),
(18372324, '218109', 'SELO GIRI ADJI PANGESTU', 'xiiakl22324', 'AKL', 2324),
(18382324, '218114', 'WULAN SUCI PUSPITASARI', 'xiiakl22324', 'AKL', 2324),
(18392324, '218115', 'WULAN TARI', 'xiiakl22324', 'AKL', 2324),
(18402324, '218182', 'AKBAR SADEWA', 'xiibdp2324', 'PM', 2324),
(18412324, '218183', 'ANDHIKA DIAN SAPUTRA', 'xiibdp2324', 'PM', 2324),
(18422324, '218184', 'ANDRE YULIANTO', 'xiibdp2324', 'PM', 2324),
(18432324, '218185', 'ARDIONA ATTA SAPUTRA', 'xiibdp2324', 'PM', 2324),
(18442324, '218187', 'BAHRUDIN SIROTH', 'xiibdp2324', 'PM', 2324),
(18452324, '218188', 'BRILLIANT MUHAMMAD PRANAYA', 'xiibdp2324', 'PM', 2324),
(18462324, '218189', 'CHINDY WULAN SARI', 'xiibdp2324', 'PM', 2324),
(18472324, '218190', 'DAYDAEL RAHMAT PRIHARTONO', 'xiibdp2324', 'PM', 2324),
(18482324, '218191', 'DEVINNA CHRISTIANAH', 'xiibdp2324', 'PM', 2324),
(18492324, '218192', 'DIANA FEBRIASTUTI', 'xiibdp2324', 'PM', 2324),
(18502324, '218193', 'DIKI MUZALFA', 'xiibdp2324', 'PM', 2324),
(18512324, '218194', 'DINI AULIA', 'xiibdp2324', 'PM', 2324),
(18522324, '218195', 'FAKHRIY PUTRA MAULANA', 'xiibdp2324', 'PM', 2324),
(18532324, '218196', 'FIONA FASTAG FARA', 'xiibdp2324', 'PM', 2324),
(18542324, '218197', 'GURUH PRIYANDONO', 'xiibdp2324', 'PM', 2324),
(18552324, '218198', 'HAFISTH IKHSAN MAULANA', 'xiibdp2324', 'PM', 2324),
(18562324, '218199', 'JUNEDI', 'xiibdp2324', 'PM', 2324),
(18572324, '218200', 'KEISYA DWI AMELIA', 'xiibdp2324', 'PM', 2324),
(18582324, '218202', 'MARCELLINO ADI PRATAMA', 'xiibdp2324', 'PM', 2324),
(18592324, '218203', 'MIFTAHUL SAPUTRA', 'xiibdp2324', 'PM', 2324),
(18602324, '218204', 'MUHAMAD RAKA HADI SANJAYA', 'xiibdp2324', 'PM', 2324),
(18612324, '218205', 'MUHAMAD RIANSYAH', 'xiibdp2324', 'PM', 2324),
(18622324, '218206', 'MUHAMAD ROZAK', 'xiibdp2324', 'PM', 2324),
(18632324, '218207', 'MUHAMMAD DAFFA', 'xiibdp2324', 'PM', 2324),
(18642324, '218208', 'MUHAMMAD DAFFA ANSORI', 'xiibdp2324', 'PM', 2324),
(18652324, '218201', 'MUHAMMAD SYAH HABIANTO', 'xiibdp2324', 'PM', 2324),
(18662324, '218209', 'NUR KHOLIS HENDAR', 'xiibdp2324', 'PM', 2324),
(18672324, '218210', 'PENDI NUR SETIYAWAN', 'xiibdp2324', 'PM', 2324),
(18682324, '218211', 'RAMA ADLI ALFIAN', 'xiibdp2324', 'PM', 2324),
(18692324, '218212', 'RIZKI ANANDA PRASETIA', 'xiibdp2324', 'PM', 2324),
(18702324, '218213', 'SAFIRA ZAHRA', 'xiibdp2324', 'PM', 2324),
(18712324, '218214', 'SAHRULDIN', 'xiibdp2324', 'PM', 2324),
(18722324, '218215', 'SELVIA ELVINA DARAPUSPITA', 'xiibdp2324', 'PM', 2324),
(18732324, '218216', 'SELVY AYU DAVISTA', 'xiibdp2324', 'PM', 2324),
(18742324, '218217', 'SHANDY PUTRA IRWANSYAH', 'xiibdp2324', 'PM', 2324),
(18752324, '218218', 'SHOHAIH AGYL SAPUTRA', 'xiibdp2324', 'PM', 2324),
(18762324, '218219', 'SIDIK DWI MUNAHZAR', 'xiibdp2324', 'PM', 2324),
(18772324, '218220', 'SYIFATUL HASANAH', 'xiibdp2324', 'PM', 2324),
(18782324, '218221', 'TISYA OCTAVIA RAMADHANI', 'xiibdp2324', 'PM', 2324),
(18792324, '218117', 'ADELIA ANGRAINI ZAHRA', 'xiiotkp12324', 'MPLB', 2324),
(18802324, '218119', 'AGNES PASKA TAMBUNAN', 'xiiotkp12324', 'MPLB', 2324),
(18812324, '218120', 'ALIVIA SUCI RAMADHANI', 'xiiotkp12324', 'MPLB', 2324),
(18822324, '218122', 'AMANDA PUTRI SITIO', 'xiiotkp12324', 'MPLB', 2324),
(18832324, '218123', 'AMANDA YULIA PERMATA SARI', 'xiiotkp12324', 'MPLB', 2324),
(18842324, '218130', 'AWALIA PUTRI', 'xiiotkp12324', 'MPLB', 2324),
(18852324, '218133', 'DELLY PUSPITA SARI', 'xiiotkp12324', 'MPLB', 2324),
(18862324, '218134', 'DEWI SHINTA WIJAYA', 'xiiotkp12324', 'MPLB', 2324),
(18872324, '218136', 'DIFA\' AISYAH PUTRI', 'xiiotkp12324', 'MPLB', 2324),
(18882324, '228633', 'DINDA SYAFITRI', 'xiiotkp12324', 'MPLB', 2324),
(18892324, '218137', 'ELSA APRILIA SAFITRI', 'xiiotkp12324', 'MPLB', 2324),
(18902324, '218138', 'FANNY DWI MUNAENI', 'xiiotkp12324', 'MPLB', 2324),
(18912324, '218141', 'FRIDA SIWI MAYSAWATI', 'xiiotkp12324', 'MPLB', 2324),
(18922324, '218142', 'HARTANTI WIJAYA', 'xiiotkp12324', 'MPLB', 2324),
(18932324, '218144', 'JESICA TRISIA PUTRI', 'xiiotkp12324', 'MPLB', 2324),
(18942324, '218145', 'KALISA NABILA', 'xiiotkp12324', 'MPLB', 2324),
(18952324, '218148', 'MARSELLINA', 'xiiotkp12324', 'MPLB', 2324),
(18962324, '218149', 'MEI RIYANTI', 'xiiotkp12324', 'MPLB', 2324),
(18972324, '218150', 'NABILA MUKHTAR', 'xiiotkp12324', 'MPLB', 2324),
(18982324, '218154', 'NAGITA ZAHARANI', 'xiiotkp12324', 'MPLB', 2324),
(18992324, '218155', 'NAJWA INDAH LESTARI', 'xiiotkp12324', 'MPLB', 2324),
(19002324, '218157', 'NATASYA ALAWIYAH', 'xiiotkp12324', 'MPLB', 2324),
(19012324, '218163', 'NURUL ZHAHRANI', 'xiiotkp12324', 'MPLB', 2324),
(19022324, '228233', 'REVALIA RAHMAWATI', 'xiiotkp12324', 'MPLB', 2324),
(19032324, '218167', 'RISTY INDRIANI PUTRI', 'xiiotkp12324', 'MPLB', 2324),
(19042324, '218171', 'SILVIANA NUGRAHA', 'xiiotkp12324', 'MPLB', 2324),
(19052324, '218172', 'SILVIE', 'xiiotkp12324', 'MPLB', 2324),
(19062324, '218174', 'SITI TWANTI', 'xiiotkp12324', 'MPLB', 2324),
(19072324, '218175', 'SOFHIANA PUTRI SUTRISNO', 'xiiotkp12324', 'MPLB', 2324),
(19082324, '218179', 'VIVIAN CORNELIA SETIAWAN', 'xiiotkp12324', 'MPLB', 2324),
(19092324, '218118', 'ADELIA ZAHRA KHIRANA', 'xiiotkp22324', 'MPLB', 2324),
(19102324, '218121', 'AMANDA NURMALA', 'xiiotkp22324', 'MPLB', 2324),
(19112324, '218125', 'ANIS SYAHIIDAH MEILANI', 'xiiotkp22324', 'MPLB', 2324),
(19122324, '218127', 'ANISSA', 'xiiotkp22324', 'MPLB', 2324),
(19132324, '218129', 'ASHA SHARA APRIANA', 'xiiotkp22324', 'MPLB', 2324),
(19142324, '218131', 'AZ ZAHRA ZIDNI NAYSABILLA', 'xiiotkp22324', 'MPLB', 2324),
(19152324, '218132', 'DEA RAHMA ALYA', 'xiiotkp22324', 'MPLB', 2324),
(19162324, '218135', 'DHEA RAHMAWATI', 'xiiotkp22324', 'MPLB', 2324),
(19172324, '218139', 'FIKA DAVILA', 'xiiotkp22324', 'MPLB', 2324),
(19182324, '218140', 'FLORA CINDY AULIA', 'xiiotkp22324', 'MPLB', 2324),
(19192324, '218143', 'IRMA SEPTIANI IRWANSYAH', 'xiiotkp22324', 'MPLB', 2324),
(19202324, '218146', 'KHUSNUL KHOTIMATUL ZAHRA', 'xiiotkp22324', 'MPLB', 2324),
(19212324, '218151', 'NABILA PUTRI SETIAWAN', 'xiiotkp22324', 'MPLB', 2324),
(19222324, '218152', 'NABILA SEPTIYANA DEWI', 'xiiotkp22324', 'MPLB', 2324),
(19232324, '218153', 'NABYLA', 'xiiotkp22324', 'MPLB', 2324),
(19242324, '218156', 'NANDITA PUTRI RAMADHANI', 'xiiotkp22324', 'MPLB', 2324),
(19252324, '218158', 'NEZA CHARLITA', 'xiiotkp22324', 'MPLB', 2324),
(19262324, '218159', 'NIMAS NUR YAUMI', 'xiiotkp22324', 'MPLB', 2324),
(19272324, '218160', 'NIRMALASARI', 'xiiotkp22324', 'MPLB', 2324),
(19282324, '218161', 'NOVIA AMANDA', 'xiiotkp22324', 'MPLB', 2324),
(19292324, '218162', 'NURHIKMAH', 'xiiotkp22324', 'MPLB', 2324),
(19302324, '218164', 'PUTRI AYU WULANDARI', 'xiiotkp22324', 'MPLB', 2324),
(19312324, '218165', 'RATNA DILAH', 'xiiotkp22324', 'MPLB', 2324),
(19322324, '218166', 'RINI NURBAITI', 'xiiotkp22324', 'MPLB', 2324),
(19332324, '218168', 'RIYANTI WAFIQ AZIZAH', 'xiiotkp22324', 'MPLB', 2324),
(19342324, '218226', 'SALSABILA NURUL FITRI', 'xiiotkp22324', 'MPLB', 2324),
(19352324, '218173', 'SITI MUTIARA WARDAH', 'xiiotkp22324', 'MPLB', 2324),
(19362324, '218176', 'SYAIRA RANI ASMARI PUTRI', 'xiiotkp22324', 'MPLB', 2324),
(19372324, '218177', 'TASYA MUT\'ALIFAH', 'xiiotkp22324', 'MPLB', 2324),
(19382324, '218178', 'TRIA KARTINI WAHYUDI', 'xiiotkp22324', 'MPLB', 2324),
(19392324, '218180', 'WINDA AULIA', 'xiiotkp22324', 'MPLB', 2324),
(19402324, '218181', 'WINDA RESTU FALIHA', 'xiiotkp22324', 'MPLB', 2324),
(19412324, '217971', 'AGUNG RAMADHAN', 'xiitkj12324', 'TJKT', 2324),
(19422324, '217972', 'AHMAD AGUS TAWAKAL', 'xiitkj12324', 'TJKT', 2324),
(19432324, '217978', 'ALFIAN FEBRIYANTO', 'xiitkj12324', 'TJKT', 2324),
(19442324, '217979', 'ALFIAN NUR ILHAM', 'xiitkj12324', 'TJKT', 2324),
(19452324, '217980', 'ALPIN RAMADAN SETIAWAN', 'xiitkj12324', 'TJKT', 2324),
(19462324, '217994', 'DENTA FITRI NOVIANI', 'xiitkj12324', 'TJKT', 2324),
(19472324, '218000', 'EGI KURNIA', 'xiitkj12324', 'TJKT', 2324),
(19482324, '218001', 'EGNER CONSTANTIN', 'xiitkj12324', 'TJKT', 2324),
(19492324, '218002', 'ERICH JALEMBA JUNIARTA', 'xiitkj12324', 'TJKT', 2324),
(19502324, '218004', 'FADLY ERLANGGA', 'xiitkj12324', 'TJKT', 2324),
(19512324, '218007', 'FATHYA AULIA', 'xiitkj12324', 'TJKT', 2324),
(19522324, '218010', 'FIKHAR HADISAPUTRA', 'xiitkj12324', 'TJKT', 2324),
(19532324, '218014', 'FRANS LEONARDO HADIWINATA', 'xiitkj12324', 'TJKT', 2324),
(19542324, '218017', 'GILANG MAULANA AKBAR', 'xiitkj12324', 'TJKT', 2324),
(19552324, '218019', 'HAFIDZ SYAHPUTRO', 'xiitkj12324', 'TJKT', 2324),
(19562324, '218025', 'KELVIN OKTA RAMADHAN', 'xiitkj12324', 'TJKT', 2324),
(19572324, '218027', 'MAULANA IKSAN', 'xiitkj12324', 'TJKT', 2324),
(19582324, '218028', 'MOHAMAD RIZKI', 'xiitkj12324', 'TJKT', 2324),
(19592324, '218034', 'MUHAMAD SUBASTIAN', 'xiitkj12324', 'TJKT', 2324),
(19602324, '218037', 'MUHAMMAD ANGGI SAPUTRA', 'xiitkj12324', 'TJKT', 2324),
(19612324, '218228', 'MUHAMMAD NUR ARIFIN', 'xiitkj12324', 'TJKT', 2324),
(19622324, '218043', 'MUHAMMAD RIZKY AL AKBAR', 'xiitkj12324', 'TJKT', 2324),
(19632324, '218045', 'NOVAL RAMADAN', 'xiitkj12324', 'TJKT', 2324),
(19642324, '218047', 'NOVEL SYAHPUTRA HALIM', 'xiitkj12324', 'TJKT', 2324),
(19652324, '218048', 'PANJI RAHMADI', 'xiitkj12324', 'TJKT', 2324),
(19662324, '218051', 'RADIS SETIAWAN', 'xiitkj12324', 'TJKT', 2324),
(19672324, '218052', 'RAFA MAULANA ARDIANSYAH', 'xiitkj12324', 'TJKT', 2324),
(19682324, '218053', 'RAFLI AGUNG PRAYOGA', 'xiitkj12324', 'TJKT', 2324),
(19692324, '218062', 'SIGIT NURCAHYONO', 'xiitkj12324', 'TJKT', 2324),
(19702324, '218065', 'TYO RIYADI SYAPUTRA', 'xiitkj12324', 'TJKT', 2324),
(19712324, '218066', 'YULIO LUKAS ADRIANO HUTAGAOL', 'xiitkj12324', 'TJKT', 2324),
(19722324, '217968', 'ADE IRSAD ABIDIN', 'xiitkj22324', 'TJKT', 2324),
(19732324, '217970', 'AFRIZAL ARDIANSYAH', 'xiitkj22324', 'TJKT', 2324),
(19742324, '228634', 'AHMAD NUR MUDZAKI', 'xiitkj22324', 'TJKT', 2324),
(19752324, '217975', 'ALBASRAH MOHAMAD SALEH RAGO', 'xiitkj22324', 'TJKT', 2324),
(19762324, '217977', 'ALDI AWALUDIN', 'xiitkj22324', 'TJKT', 2324),
(19772324, '217981', 'ANDIKA', 'xiitkj22324', 'TJKT', 2324),
(19782324, '217984', 'ARDESTA KURNIAWAN', 'xiitkj22324', 'TJKT', 2324),
(19792324, '217985', 'ARDI DANU ANGGARA', 'xiitkj22324', 'TJKT', 2324),
(19802324, '217986', 'ARIEL ILHAMI', 'xiitkj22324', 'TJKT', 2324),
(19812324, '217988', 'BAYU SAPUTRA', 'xiitkj22324', 'TJKT', 2324),
(19822324, '217990', 'DAMARUDIN', 'xiitkj22324', 'TJKT', 2324),
(19832324, '217993', 'DEDI MARDIYANSAH', 'xiitkj22324', 'TJKT', 2324),
(19842324, '217995', 'DEVFRAN ADITYA SUHERNO PUTRA', 'xiitkj22324', 'TJKT', 2324),
(19852324, '217996', 'DHIMAS KURNIAWAN BASORI', 'xiitkj22324', 'TJKT', 2324),
(19862324, '217999', 'DIKI RAMADAN', 'xiitkj22324', 'TJKT', 2324),
(19872324, '218005', 'FAJAR NUGRAHA', 'xiitkj22324', 'TJKT', 2324),
(19882324, '218011', 'FIKRI FAHREZA', 'xiitkj22324', 'TJKT', 2324),
(19892324, '218013', 'FIRMANSYAH', 'xiitkj22324', 'TJKT', 2324),
(19902324, '218018', 'HABIB SUF\'YAN FADILLAH', 'xiitkj22324', 'TJKT', 2324),
(19912324, '218020', 'HAIKAL FIKRI NURWANTO', 'xiitkj22324', 'TJKT', 2324),
(19922324, '218021', 'I PT.GALIHANDRA REVA ULUM DINATA', 'xiitkj22324', 'TJKT', 2324),
(19932324, '218022', 'ILHAM RAHMATTULLOH', 'xiitkj22324', 'TJKT', 2324),
(19942324, '218023', 'INDAH FAAKHIRA SEBASTIAN', 'xiitkj22324', 'TJKT', 2324),
(19952324, '218024', 'KEFIN HIDAYAT', 'xiitkj22324', 'TJKT', 2324),
(19962324, '218030', 'MUHAMAD ARDIANSYAH', 'xiitkj22324', 'TJKT', 2324),
(19972324, '218039', 'MUHAMMAD MAULANA RAMDHANI', 'xiitkj22324', 'TJKT', 2324),
(19982324, '218040', 'MUHAMMAD NANDA FIRMANSYAH', 'xiitkj22324', 'TJKT', 2324),
(19992324, '218042', 'MUHAMMAD RIFKI RABBANI', 'xiitkj22324', 'TJKT', 2324),
(20002324, '218044', 'NADIA NURLITA', 'xiitkj22324', 'TJKT', 2324),
(20012324, '218049', 'PINDY AUGY SEPTIANU PUTRA', 'xiitkj22324', 'TJKT', 2324),
(20022324, '218055', 'RIFQI AZHAR SAPUTRA', 'xiitkj22324', 'TJKT', 2324),
(20032324, '218059', 'RIZKY BAGASKORO', 'xiitkj22324', 'TJKT', 2324),
(20042324, '218060', 'ROFIQY MIRYAL AL MURTADHA', 'xiitkj22324', 'TJKT', 2324),
(20052324, '218061', 'SATRIAWAN TRIE SAPUTRA', 'xiitkj22324', 'TJKT', 2324),
(20062324, '207698', 'SUTINAH', 'xiitkj22324', 'TJKT', 2324),
(20072324, '217973', 'AHMAD SAPUTRA', 'xiitkj32324', 'TJKT', 2324),
(20082324, '217982', 'ANDYKA PUTRA PRASETYA', 'xiitkj32324', 'TJKT', 2324),
(20092324, '217983', 'ANIS TIARAWATI', 'xiitkj32324', 'TJKT', 2324),
(20102324, '217987', 'ARMANDA PUTRA', 'xiitkj32324', 'TJKT', 2324),
(20112324, '217989', 'CHANDRA ANDIKA', 'xiitkj32324', 'TJKT', 2324),
(20122324, '217991', 'DAVI TRISNA PRASETYA', 'xiitkj32324', 'TJKT', 2324),
(20132324, '217992', 'DAVID HERMANSYAH', 'xiitkj32324', 'TJKT', 2324),
(20142324, '217997', 'DIAH SINTIA', 'xiitkj32324', 'TJKT', 2324),
(20152324, '218003', 'FABRIAN AFRIANSYAH', 'xiitkj32324', 'TJKT', 2324),
(20162324, '218006', 'FARIJ ASHIDIQI', 'xiitkj32324', 'TJKT', 2324),
(20172324, '218008', 'FELIX ADIKA', 'xiitkj32324', 'TJKT', 2324),
(20182324, '218009', 'FICRI CHOIRUL IMAM', 'xiitkj32324', 'TJKT', 2324),
(20192324, '218012', 'FIRGIE HAFIANSYAH FAHREVI', 'xiitkj32324', 'TJKT', 2324),
(20202324, '218015', 'GAFARA EKA FAHRIZA', 'xiitkj32324', 'TJKT', 2324),
(20212324, '218016', 'GHUFRON KHAIRULLAH', 'xiitkj32324', 'TJKT', 2324),
(20222324, '218026', 'KHARENAL ARDIANTONY', 'xiitkj32324', 'TJKT', 2324),
(20232324, '218029', 'MUHAMAD APRIANSYAH', 'xiitkj32324', 'TJKT', 2324),
(20242324, '218031', 'MUHAMAD CHAIRIEL', 'xiitkj32324', 'TJKT', 2324),
(20252324, '218032', 'MUHAMAD RIZKY', 'xiitkj32324', 'TJKT', 2324),
(20262324, '218033', 'MUHAMAD RIZKY FARIZAH', 'xiitkj32324', 'TJKT', 2324),
(20272324, '218035', 'MUHAMMAD AFDANY PUTRA WIJAYA', 'xiitkj32324', 'TJKT', 2324),
(20282324, '218036', 'MUHAMMAD ALFARIZA', 'xiitkj32324', 'TJKT', 2324),
(20292324, '218041', 'MUHAMMAD REZA BAGUS SAPUTRA', 'xiitkj32324', 'TJKT', 2324),
(20302324, '218227', 'MUHAMMAD RISKY', 'xiitkj32324', 'TJKT', 2324),
(20312324, '218046', 'NOVALLINO', 'xiitkj32324', 'TJKT', 2324),
(20322324, '218054', 'RAFLY RAMADHAN LESMANA', 'xiitkj32324', 'TJKT', 2324),
(20332324, '218056', 'RIFQI FADILLA DWIKA', 'xiitkj32324', 'TJKT', 2324),
(20342324, '218057', 'RISVAL ANGGRA RESTA', 'xiitkj32324', 'TJKT', 2324),
(20352324, '218224', 'SANDY PUTRA', 'xiitkj32324', 'TJKT', 2324),
(20362324, '218063', 'SYAHRIL SUGANDA SAPUTRA', 'xiitkj32324', 'TJKT', 2324),
(20372324, '218064', 'TUBAGUS ABU BAKAR ZEIN', 'xiitkj32324', 'TJKT', 2324),
(20382425, '238776', 'ABDUL RAHMAN AS SAMI', 'xiakl12425', 'AKL', 2425),
(20392425, '238779', 'AFRILIANI', 'xiakl12425', 'AKL', 2425),
(20402425, '238780', 'AHMAD DWI ILHAM', 'xiakl12425', 'AKL', 2425),
(20412425, '238782', 'AHMAD RASYA PRAYOGA', 'xiakl12425', 'AKL', 2425),
(20422425, '238783', 'AJI PRASETIYO', 'xiakl12425', 'AKL', 2425),
(20432425, '238784', 'ALDO PRATAMA', 'xiakl12425', 'AKL', 2425),
(20442425, '238785', 'ALIF RAMADHONA', 'xiakl12425', 'AKL', 2425),
(20452425, '238786', 'AMELIA ANGGRAENI', 'xiakl12425', 'AKL', 2425),
(20462425, '238789', 'AQILLA RAFA AMELIA', 'xiakl12425', 'AKL', 2425),
(20472425, '238792', 'AULIA AZIZAH', 'xiakl12425', 'AKL', 2425),
(20482425, '238793', 'BAYU AJI PRATAMA', 'xiakl12425', 'AKL', 2425),
(20492425, '238794', 'CESYAR RAMADHAN', 'xiakl12425', 'AKL', 2425),
(20502425, '238795', 'CHELSEA NAFISA', 'xiakl12425', 'AKL', 2425),
(20512425, '238798', 'DAVINA NAZILLA ZALFA', 'xiakl12425', 'AKL', 2425),
(20522425, '238801', 'DEALOVA YOCHIKA', 'xiakl12425', 'AKL', 2425),
(20532425, '238803', 'DELA NUR AZIZAH', 'xiakl12425', 'AKL', 2425),
(20542425, '238804', 'DELLA PUSPITA SARI', 'xiakl12425', 'AKL', 2425),
(20552425, '238808', 'DIKA JULISTIAN', 'xiakl12425', 'AKL', 2425),
(20562425, '238810', 'EKA NOVIA ALYZKA', 'xiakl12425', 'AKL', 2425),
(20572425, '238811', 'ELISABETH', 'xiakl12425', 'AKL', 2425),
(20582425, '238812', 'ELSAH RAMADHANI', 'xiakl12425', 'AKL', 2425),
(20592425, '238814', 'FAIZAL AKHMAD FAKHREZI', 'xiakl12425', 'AKL', 2425),
(20602425, '238816', 'GILANG SAPUTRA', 'xiakl12425', 'AKL', 2425),
(20612425, '239052', 'HANDOKO DWI OKTAVIANA', 'xiakl12425', 'AKL', 2425),
(20622425, '238820', 'JULIA RAHMAWATI', 'xiakl12425', 'AKL', 2425),
(20632425, '238821', 'KAILA ZAHRA', 'xiakl12425', 'AKL', 2425),
(20642425, '238823', 'KHESYA HARYANTI', 'xiakl12425', 'AKL', 2425),
(20652425, '238825', 'MALA RAMADANI', 'xiakl12425', 'AKL', 2425),
(20662425, '238827', 'MEGA APRILIA ANGGREINI', 'xiakl12425', 'AKL', 2425),
(20672425, '238829', 'MELISA NADIA PUTRI', 'xiakl12425', 'AKL', 2425),
(20682425, '238833', 'MUHAMMAD KHOLIK', 'xiakl12425', 'AKL', 2425),
(20692425, '238834', 'MUHAMMAD NUR ILHAM', 'xiakl12425', 'AKL', 2425),
(20702425, '238844', 'PUSPITA ANGGRAENI MARETA', 'xiakl12425', 'AKL', 2425),
(20712425, '238846', 'RAISYAH IRAWAN', 'xiakl12425', 'AKL', 2425),
(20722425, '238848', 'RISKA AMELIA', 'xiakl12425', 'AKL', 2425),
(20732425, '238852', 'SAGITA TRI CAHYANI', 'xiakl12425', 'AKL', 2425),
(20742425, '238854', 'SALSA ARIESTY PRATAMA', 'xiakl12425', 'AKL', 2425),
(20752425, '238856', 'SITI HANIIFAH', 'xiakl12425', 'AKL', 2425),
(20762425, '238859', 'VIOLLETTE GABRIELA CHRISANTA', 'xiakl12425', 'AKL', 2425),
(20772425, '238860', 'WIDYA LUTHFI', 'xiakl12425', 'AKL', 2425),
(20782425, '238861', 'WILLIAM ELGIE FEDROSA', 'xiakl12425', 'AKL', 2425),
(20792425, '238863', 'YENNY', 'xiakl12425', 'AKL', 2425),
(20802425, '238865', 'ZAHARA', 'xiakl12425', 'AKL', 2425),
(20812425, '238866', 'ZAHRA AL RIZKY ARTA', 'xiakl12425', 'AKL', 2425),
(20822425, '238777', 'ADITIYA FIRMANSYAH', 'xiakl22425', 'AKL', 2425),
(20832425, '238778', 'AFIFAH PERWITA SARI', 'xiakl22425', 'AKL', 2425),
(20842425, '238781', 'AHMAD MAULANA MARCEL', 'xiakl22425', 'AKL', 2425),
(20852425, '238787', 'ANANG TRIYULIANTO', 'xiakl22425', 'AKL', 2425),
(20862425, '238788', 'ANISAH FITRI', 'xiakl22425', 'AKL', 2425),
(20872425, '238790', 'ARDI SAPUTRA', 'xiakl22425', 'AKL', 2425),
(20882425, '238791', 'ARINI WULANDARI', 'xiakl22425', 'AKL', 2425),
(20892425, '238797', 'DAMAR NOPRIANSAH', 'xiakl22425', 'AKL', 2425),
(20902425, '238799', 'DEA SAFITRI', 'xiakl22425', 'AKL', 2425),
(20912425, '238800', 'DEACY PUTRI AULIA', 'xiakl22425', 'AKL', 2425),
(20922425, '238802', 'DEFAN AHMAD NURKHOLIS', 'xiakl22425', 'AKL', 2425),
(20932425, '238805', 'DESLYANA SAFITRI', 'xiakl22425', 'AKL', 2425),
(20942425, '238806', 'DEWI JULIANTI SAPITRI', 'xiakl22425', 'AKL', 2425),
(20952425, '238807', 'DEWI SOFIA KUNUPUS', 'xiakl22425', 'AKL', 2425),
(20962425, '238809', 'DWI SUSILAWATI', 'xiakl22425', 'AKL', 2425),
(20972425, '238813', 'FAHRY ARDIANSYAH', 'xiakl22425', 'AKL', 2425),
(20982425, '238815', 'GHEA PEBRIANA', 'xiakl22425', 'AKL', 2425),
(20992425, '238817', 'HENNY KALINA', 'xiakl22425', 'AKL', 2425),
(21002425, '238818', 'HILAL RAMDHANI', 'xiakl22425', 'AKL', 2425),
(21012425, '238822', 'KEYSA PUTRI MELANDRI', 'xiakl22425', 'AKL', 2425),
(21022425, '238824', 'M FERZIANSYAH SAPUTRA', 'xiakl22425', 'AKL', 2425),
(21032425, '238826', 'MARSYA HALWA MARITZA', 'xiakl22425', 'AKL', 2425),
(21042425, '238828', 'MELIFTIANI', 'xiakl22425', 'AKL', 2425),
(21052425, '238830', 'MUHAMAD FAHREZY FAIRUS', 'xiakl22425', 'AKL', 2425),
(21062425, '238831', 'MUHAMAD RIZAL YUSWANTO', 'xiakl22425', 'AKL', 2425),
(21072425, '238832', 'MUHAMMAD FAHRIF', 'xiakl22425', 'AKL', 2425),
(21082425, '238835', 'MUHAMMAD RIFALDIANSYAH', 'xiakl22425', 'AKL', 2425),
(21092425, '238836', 'NABILA DWI LESTARI', 'xiakl22425', 'AKL', 2425),
(21102425, '238837', 'NAYNA MULYANI', 'xiakl22425', 'AKL', 2425),
(21112425, '238839', 'NAZWA ZAENABO', 'xiakl22425', 'AKL', 2425),
(21122425, '238840', 'NIKEISHA ANINDYA FAUZI', 'xiakl22425', 'AKL', 2425),
(21132425, '238841', 'PANDE MANGOLOI PANDIANGAN', 'xiakl22425', 'AKL', 2425),
(21142425, '238842', 'PANDU ANANG WIDODO SAPUTRA', 'xiakl22425', 'AKL', 2425),
(21152425, '238843', 'PANJI ARYA PRASETYA', 'xiakl22425', 'AKL', 2425),
(21162425, '238845', 'RAISHA NURDIANA', 'xiakl22425', 'AKL', 2425),
(21172425, '239054', 'RASYA ARDIANSYAH', 'xiakl22425', 'AKL', 2425),
(21182425, '238847', 'RENDI ARDIANSYAH', 'xiakl22425', 'AKL', 2425),
(21192425, '238849', 'RISMA NUR INDAH LESTARI', 'xiakl22425', 'AKL', 2425),
(21202425, '238850', 'RIZKA CAHAYA RAMADHAN', 'xiakl22425', 'AKL', 2425),
(21212425, '238851', 'RYAN DWI ARDIANSYAH', 'xiakl22425', 'AKL', 2425),
(21222425, '238853', 'SALMA NUR AISYAH', 'xiakl22425', 'AKL', 2425),
(21232425, '238855', 'SALZADILA AVRIL PUTRI', 'xiakl22425', 'AKL', 2425),
(21242425, '238857', 'SITI NURAINI', 'xiakl22425', 'AKL', 2425),
(21252425, '238858', 'TIARA KUSUMA NINGRUM', 'xiakl22425', 'AKL', 2425),
(21262425, '238862', 'WULAN DWI RAMADANI', 'xiakl22425', 'AKL', 2425),
(21272425, '238867', 'ZALSA MAYSHA ADELLA', 'xiakl22425', 'AKL', 2425),
(24472425, '228375', 'AMILLIA RUSDYANTO', 'xiiakl12425', 'AKL', 2425),
(24482425, '228380', 'AWALLUDIN RAHMAN', 'xiiakl12425', 'AKL', 2425),
(24492425, '228381', 'AYU EKA LESTARI', 'xiiakl12425', 'AKL', 2425),
(24502425, '228384', 'CANAYYA AZKA NOVERA', 'xiiakl12425', 'AKL', 2425),
(24512425, '228386', 'DAHLYA', 'xiiakl12425', 'AKL', 2425),
(24522425, '228387', 'DANIEL FERDINAN', 'xiiakl12425', 'AKL', 2425),
(24532425, '228388', 'DESTA NUR SETIAWAN PRATAMA', 'xiiakl12425', 'AKL', 2425),
(24542425, '228389', 'DESVIANTI ANANDA', 'xiiakl12425', 'AKL', 2425),
(24552425, '228392', 'DZULFIKAR', 'xiiakl12425', 'AKL', 2425),
(24562425, '228393', 'EFATHA APRELIA ZAI', 'xiiakl12425', 'AKL', 2425),
(24572425, '228395', 'ERRICA MERLIAN HIDAYAT', 'xiiakl12425', 'AKL', 2425),
(24582425, '228397', 'FAHTAN ABIMANYU PRASETIA', 'xiiakl12425', 'AKL', 2425),
(24592425, '228402', 'INAYAH SALSABILAH', 'xiiakl12425', 'AKL', 2425),
(24602425, '228403', 'IQBAL NUL IKHWAN', 'xiiakl12425', 'AKL', 2425),
(24612425, '228406', 'JULIAN ALFIUS', 'xiiakl12425', 'AKL', 2425),
(24622425, '228407', 'JULIUS CHRISTIAN HUTABARAT', 'xiiakl12425', 'AKL', 2425),
(24632425, '228410', 'KINANTI AULIA', 'xiiakl12425', 'AKL', 2425),
(24642425, '228411', 'LEHA', 'xiiakl12425', 'AKL', 2425),
(24652425, '228412', 'MARDIANA', 'xiiakl12425', 'AKL', 2425),
(24662425, '228413', 'MEDITA LESTARI SUKMA', 'xiiakl12425', 'AKL', 2425),
(24672425, '228415', 'MELI MERLIYANTI', 'xiiakl12425', 'AKL', 2425),
(24682425, '228417', 'MONICA SARI DEVI', 'xiiakl12425', 'AKL', 2425),
(24692425, '228420', 'NABIL RAMDANI', 'xiiakl12425', 'AKL', 2425),
(24702425, '228422', 'NABILA PUTRI WINANTO', 'xiiakl12425', 'AKL', 2425),
(24712425, '228423', 'NAJLA KEYRA TANTRI', 'xiiakl12425', 'AKL', 2425),
(24722425, '228424', 'NANDA ARYA PUTRA', 'xiiakl12425', 'AKL', 2425),
(24732425, '228425', 'NAURA LUTFIAH RAHMADINA', 'xiiakl12425', 'AKL', 2425),
(24742425, '228427', 'PURWANTI', 'xiiakl12425', 'AKL', 2425),
(24752425, '228428', 'RAFI DWI FEBIAN', 'xiiakl12425', 'AKL', 2425),
(24762425, '228429', 'RATU SAILA SIMA', 'xiiakl12425', 'AKL', 2425),
(24772425, '228433', 'RIVALDI HAERUDIN', 'xiiakl12425', 'AKL', 2425),
(24782425, '228434', 'RIZKY ALFIAN', 'xiiakl12425', 'AKL', 2425),
(24792425, '228438', 'SELA AMALIAH', 'xiiakl12425', 'AKL', 2425),
(24802425, '228440', 'SHOLEH MARWIDIKA', 'xiiakl12425', 'AKL', 2425),
(24812425, '228444', 'TASYA MARIMBI', 'xiiakl12425', 'AKL', 2425),
(24822425, '228445', 'TATIA NUR APRIYANI', 'xiiakl12425', 'AKL', 2425),
(24832425, '228447', 'TESSA LAVINA WIJAYA PHANG', 'xiiakl12425', 'AKL', 2425),
(24842425, '228448', 'TILAR MIFTAKHUL JANAH', 'xiiakl12425', 'AKL', 2425),
(24852425, '228454', 'YARA FATHIA ARDANY', 'xiiakl12425', 'AKL', 2425),
(24862425, '228369', 'ADINDA ALYA DWI ANGGRAENI', 'xiiakl22425', 'AKL', 2425),
(24872425, '228370', 'AGUNG ARDIANSYAH', 'xiiakl22425', 'AKL', 2425),
(24882425, '228371', 'AKHMELIA CITRA BUDIYANTI', 'xiiakl22425', 'AKL', 2425),
(24892425, '228372', 'ALFIN KHOIRUL WILDAN', 'xiiakl22425', 'AKL', 2425),
(24902425, '228373', 'ALISA HILDA APRILIA', 'xiiakl22425', 'AKL', 2425),
(24912425, '228374', 'ALVI NURMALA D. W', 'xiiakl22425', 'AKL', 2425),
(24922425, '228376', 'AMIRA KANZA DESLIA', 'xiiakl22425', 'AKL', 2425),
(24932425, '228377', 'ANI', 'xiiakl22425', 'AKL', 2425),
(24942425, '228378', 'ANNISA', 'xiiakl22425', 'AKL', 2425),
(24952425, '228379', 'AULIA FITRIANI', 'xiiakl22425', 'AKL', 2425),
(24962425, '228382', 'AYU NIA SARAH', 'xiiakl22425', 'AKL', 2425),
(24972425, '228390', 'DILA AYU LESTARI', 'xiiakl22425', 'AKL', 2425),
(24982425, '228391', 'DITA VIA ANGGRAENI', 'xiiakl22425', 'AKL', 2425),
(24992425, '228394', 'EKO PRASETYO', 'xiiakl22425', 'AKL', 2425),
(25002425, '228396', 'ERVAN HIDAYAT', 'xiiakl22425', 'AKL', 2425),
(25012425, '228398', 'FRASTIO', 'xiiakl22425', 'AKL', 2425),
(25022425, '228399', 'GALANG RIZKI ANUGRAH', 'xiiakl22425', 'AKL', 2425),
(25032425, '228401', 'HARMELIA NAISA PUTRI', 'xiiakl22425', 'AKL', 2425),
(25042425, '228404', 'IQBAL PERMANA', 'xiiakl22425', 'AKL', 2425),
(25052425, '228405', 'JEFRI GIOVANIE', 'xiiakl22425', 'AKL', 2425),
(25062425, '228408', 'KAYLA PUTRI AGUSTIN', 'xiiakl22425', 'AKL', 2425),
(25072425, '228409', 'KEYZIA SYAFFA ADHILA', 'xiiakl22425', 'AKL', 2425),
(25082425, '228419', 'M. FAUZI ABDUL ROHIM', 'xiiakl22425', 'AKL', 2425),
(25092425, '228414', 'MEIFRIZA DWI PUTRA', 'xiiakl22425', 'AKL', 2425),
(25102425, '228416', 'MOHAMAD RIZKY ALBIANSYAH', 'xiiakl22425', 'AKL', 2425),
(25112425, '228418', 'MUHAMAD ILHAM', 'xiiakl22425', 'AKL', 2425),
(25122425, '228421', 'NABILA AL ZAHRA', 'xiiakl22425', 'AKL', 2425),
(25132425, '228426', 'NOVRIA NAYLA ZAHRA', 'xiiakl22425', 'AKL', 2425),
(25142425, '228430', 'RENA PUJI LESTARI', 'xiiakl22425', 'AKL', 2425),
(25152425, '228432', 'REVA AGIS ADELLIA', 'xiiakl22425', 'AKL', 2425),
(25162425, '228435', 'RIZKY WIJAYA', 'xiiakl22425', 'AKL', 2425),
(25172425, '228436', 'RIZQI AMANDA', 'xiiakl22425', 'AKL', 2425),
(25182425, '228437', 'RYFAN ALAMSYAH', 'xiiakl22425', 'AKL', 2425),
(25192425, '228439', 'SERINA AMELIA PUTRI', 'xiiakl22425', 'AKL', 2425),
(25202425, '228441', 'SITI NUR FADILAH', 'xiiakl22425', 'AKL', 2425),
(25212425, '228442', 'SOFHIA AROFAH', 'xiiakl22425', 'AKL', 2425),
(25222425, '228443', 'SUSI LESTARI LESTIA DEWI', 'xiiakl22425', 'AKL', 2425),
(25232425, '228446', 'TAUFIK SAPUTRA', 'xiiakl22425', 'AKL', 2425),
(25242425, '228449', 'TUBAGUS UBAIDILLAH FAJRIN', 'xiiakl22425', 'AKL', 2425),
(25252425, '228450', 'VANI EKA MELIA', 'xiiakl22425', 'AKL', 2425),
(25262425, '228451', 'VIRLA DWI ARIYANTI', 'xiiakl22425', 'AKL', 2425),
(25272425, '228452', 'WIDI ANJARWATI', 'xiiakl22425', 'AKL', 2425),
(25282425, '228453', 'WIDIYA NINGSIH', 'xiiakl22425', 'AKL', 2425);

-- --------------------------------------------------------

--
-- Table structure for table `tahun_ajaran`
--

CREATE TABLE `tahun_ajaran` (
  `id_ta` int(11) NOT NULL,
  `tahun_ajaran` varchar(254) NOT NULL,
  `status` varchar(20) NOT NULL
) ENGINE=InnoDB DEFAULT CHARSET=utf8mb4 COLLATE=utf8mb4_general_ci;

--
-- Dumping data for table `tahun_ajaran`
--

INSERT INTO `tahun_ajaran` (`id_ta`, `tahun_ajaran`, `status`) VALUES
(2324, '2023/2024', 'TIDAK AKTIF'),
(2425, '2024/2025', 'AKTIF'),
(2526, '2025/2026', 'TIDAK AKTIF'),
(2627, '2026/2027', 'TIDAK AKTIF');

--
-- Indexes for dumped tables
--

--
-- Indexes for table `auth`
--
ALTER TABLE `auth`
  ADD PRIMARY KEY (`id`);

--
-- Indexes for table `jurusan`
--
ALTER TABLE `jurusan`
  ADD PRIMARY KEY (`id_jurusan`);

--
-- Indexes for table `kelas`
--
ALTER TABLE `kelas`
  ADD PRIMARY KEY (`id_kelas`);

--
-- Indexes for table `siswa`
--
ALTER TABLE `siswa`
  ADD PRIMARY KEY (`id_siswa`);

--
-- Indexes for table `tahun_ajaran`
--
ALTER TABLE `tahun_ajaran`
  ADD PRIMARY KEY (`id_ta`);

--
-- AUTO_INCREMENT for dumped tables
--

--
-- AUTO_INCREMENT for table `auth`
--
ALTER TABLE `auth`
  MODIFY `id` int(20) NOT NULL AUTO_INCREMENT, AUTO_INCREMENT=1002;

--
-- AUTO_INCREMENT for table `jurusan`
--
ALTER TABLE `jurusan`
  MODIFY `id_jurusan` int(11) NOT NULL AUTO_INCREMENT, AUTO_INCREMENT=506;

--
-- AUTO_INCREMENT for table `kelas`
--
ALTER TABLE `kelas`
  MODIFY `id_kelas` int(20) NOT NULL AUTO_INCREMENT, AUTO_INCREMENT=10532426;

--
-- AUTO_INCREMENT for table `siswa`
--
ALTER TABLE `siswa`
  MODIFY `id_siswa` int(11) NOT NULL AUTO_INCREMENT, AUTO_INCREMENT=25282426;

--
-- AUTO_INCREMENT for table `tahun_ajaran`
--
ALTER TABLE `tahun_ajaran`
  MODIFY `id_ta` int(11) NOT NULL AUTO_INCREMENT, AUTO_INCREMENT=2628;
COMMIT;

/*!40101 SET CHARACTER_SET_CLIENT=@OLD_CHARACTER_SET_CLIENT */;
/*!40101 SET CHARACTER_SET_RESULTS=@OLD_CHARACTER_SET_RESULTS */;
/*!40101 SET COLLATION_CONNECTION=@OLD_COLLATION_CONNECTION */;
